num_features,features,wMAPE_val,RMSE_val,MAE_val,R2_val,wMAPE_test,RMSE_test,MAE_test,R2_test
1,"('carat',)",0.20979010656515695,1487.9386158770485,884.5083060455745,0.8712278856694545,0.22150820170218258,1434.835952587554,808.9752719612474,0.8502431314704153
1,"('cut',)",0.737120760789713,4143.145042726391,3107.817838276555,0.0015827609090488526,0.7643369929847383,3703.162599183534,2791.4529666093995,0.0024657570762105507
1,"('color',)",0.7239693891504781,4114.129698482514,3052.3695731450316,0.015518058865093276,0.745778113812556,3622.2607863085473,2723.673650944158,0.045575281702733506
1,"('clarity',)",0.7250473234191632,4098.39440728504,3056.9143146947335,0.023034343848894356,0.7518876571482056,3686.638869980387,2745.986456716295,0.011348009062121522
1,"('depth',)",0.7583377192320524,4310.8430803962,3197.271894421211,-0.08087687456374804,0.7815822136768489,3834.382979186017,2854.434639487539,-0.06948137585781944
1,"('table',)",0.7420782406811451,4167.414545463797,3128.719358433149,-0.01014845269078224,0.7569906791132232,3685.7845978781315,2764.623322305248,0.011806139077683242
1,"('x',)",0.2344106729708666,1652.524286369217,988.312512268394,0.8411645279074723,0.2209332458115025,1388.9118912552635,806.8754621372573,0.859676101408049
1,"('y',)",0.21007395122977854,1518.4320716260493,885.705040093691,0.8658957527181638,0.2097238925519774,1400.7842226297141,765.9375215465695,0.8572668886343848
1,"('z',)",0.22237612224197195,1605.9563865283642,937.5729409248421,0.8499903180790016,0.22335445948779026,1494.189470183469,815.7180330994136,0.8375971700206604
2,"('carat', 'cut')",0.21525549357638785,1558.4184455838233,907.5512430378675,0.8587397546082833,0.22030248561396987,1411.8811900077164,804.5718481021104,0.8549964768525244
2,"('carat', 'color')",0.1789020471847569,1331.8633554553962,754.2793570884061,0.896825793712832,0.1850946125722509,1186.774280385752,675.9883534494109,0.8975484575359602
2,"('carat', 'clarity')",0.1554737246757801,1185.7828396092996,655.5018399061627,0.9182171730375057,0.15350493237076543,1083.2175230540638,560.6189452930278,0.9146480193597777
2,"('carat', 'depth')",0.21981690629867265,1574.4082525656513,926.7828812987012,0.8558261448095954,0.22450181421387033,1390.89422440229,819.9083140661409,0.8592752592433771
2,"('carat', 'table')",0.21525636095701675,1506.1234350342006,907.5549000519342,0.8680610787900409,0.22682269321668444,1447.9030585259534,828.3844504261616,0.8475030278461153
2,"('carat', 'x')",0.23241687070890538,1633.254462788578,979.9063262466074,0.8448472407102502,0.2278887052876325,1423.8761221837628,832.2776579840861,0.8525221953578057
2,"('carat', 'y')",0.2145693877654355,1526.1177265640426,904.6585123054722,0.8645347601283538,0.21244709574069717,1339.310894026399,775.8829954535008,0.8695196681337742
2,"('carat', 'z')",0.21702639364543913,1569.3014322470967,915.0176381214985,0.8567599253242115,0.23930089773630014,1531.1093955057445,873.9563923103557,0.82947239492029
2,"('cut', 'color')",0.7156076313344455,4085.6860279440434,3017.11507824765,0.02908373762971672,0.7515384315480034,3631.462961470709,2744.7110417531994,0.04071978395142317
2,"('cut', 'clarity')",0.7226950308274191,4093.2259080938516,3046.9966766816137,0.025496899554970698,0.7495767091567255,3704.9028947302163,2737.546589634491,0.001527957414213299
2,"('cut', 'depth')",0.765436493346108,4344.76791929742,3227.201450058638,-0.09795606655935618,0.785428314382077,3893.806185547849,2868.4810736154523,-0.10288672963184609
2,"('cut', 'table')",0.7434017661499065,4186.455737667062,3134.2995513676465,-0.019400410864568673,0.7722841812523144,3745.8945229314845,2820.4770783158065,-0.020688774481455674
2,"('cut', 'x')",0.23142950992782163,1613.5921482941865,975.7434568614345,0.8485604395559727,0.21500398618325037,1365.3383278863507,785.2210746995263,0.8643990245444835
2,"('cut', 'y')",0.207730752552758,1478.784496485972,875.8257434649153,0.8728074793364912,0.2047140461744847,1307.1817231250814,747.640944694913,0.8757048497333146
2,"('cut', 'z')",0.22227878105372112,1576.3918622882886,937.1625350628217,0.8554626243343489,0.2176720740708832,1411.2108310950762,794.9652607293342,0.8551341390418741
2,"('color', 'clarity')",0.6954950027674961,4021.842662259634,2932.3170517098683,0.05918994611074235,0.7314010920601548,3625.664262624028,2671.1669943383727,0.043780884117453955
2,"('color', 'depth')",0.7603153376600699,4392.196718264537,3205.6098468366504,-0.12205814534028181,0.8370173606111277,4109.942974249676,3056.8906330929804,-0.22872258731860162
2,"('color', 'table')",0.7421523870385969,4213.813496462572,3129.0319712160053,-0.032767151414730744,0.7423175117789453,3657.588436814762,2711.0351055098276,0.026867625093183634
2,"('color', 'x')",0.1999221068313301,1465.8704396976568,842.9032567344693,0.8750192948431302,0.2031373554384036,1332.788310397827,741.8826756682207,0.8707874790404236
2,"('color', 'y')",0.17992753506900866,1285.0930434103993,758.6029763773264,0.9039447864671261,0.1904186232387101,1273.7243135964995,695.432297031302,0.8819861095158863
2,"('color', 'z')",0.20071470038915504,1490.5073599575849,846.2449566682392,0.8707828832604121,0.20951097834363375,1400.898221729566,765.1599325982795,0.857243655779451
2,"('clarity', 'depth')",0.7674514401398399,4437.615454722003,3235.6967847742535,-0.1453840399978581,0.8236298871090101,4103.83951183411,3007.997928741515,-0.22507587316838085
2,"('clarity', 'table')",0.7370850959365524,4186.372488934687,3107.667469608695,-0.01935986919708843,0.7641340751220975,3778.599419789639,2790.7118855484987,-0.03858956995461882
2,"('clarity', 'x')",0.16554258560597881,1223.4571273937418,697.9537518241943,0.9129378661724744,0.16477459106185155,1116.20727061841,601.7771287574462,0.9093700075383047
2,"('clarity', 'y')",0.1600942803583717,1171.0751678087152,674.9828342519518,0.9202333523079331,0.15642961787061224,1035.9350606476962,571.30025744968,0.9219366268617536
2,"('clarity', 'z')",0.1672928347172574,1210.1725300784406,705.3330792001207,0.9148182853874285,0.16846993240185137,1189.9460178407542,615.2729710898907,0.8970001079046086
2,"('depth', 'table')",0.7737404065221165,4490.114261386672,3262.2120627949425,-0.17264507007311258,0.8203609978485108,4098.5630089718,2996.059541999163,-0.2219276210397021
2,"('depth', 'x')",0.22439185881527787,1578.743207873104,946.0716054761906,0.855031118953254,0.22425569619708507,1372.2522047711961,819.0094607142856,0.8630222197113235
2,"('depth', 'y')",0.2073283058309589,1463.2145639154862,874.1289643650794,0.8754717666570717,0.20472100522344536,1262.8189538203403,747.6663599999999,0.8839982788333811
2,"('depth', 'z')",0.21520657919831418,1520.280745513027,907.3450122751323,0.8655690131272584,0.2108037792858372,1331.5687490564685,769.8814010846561,0.8710238414042983
2,"('table', 'x')",0.2397067872620316,1683.6736424129801,1010.6417686713751,0.8351201351326973,0.22064712830697253,1390.7050711661075,805.8305257228882,0.85931353207488
2,"('table', 'y')",0.2185343248051163,1473.1091710654089,921.3753146464645,0.8737818927971576,0.21632600044382255,1366.994678609125,790.0492338275614,0.8640698182125979
2,"('table', 'z')",0.23477064230288966,1696.7147098913022,989.8301999673474,0.8325560553449683,0.22140682936159906,1480.2706995899268,808.6050476708476,0.8406087283865878
2,"('x', 'y')",0.22920914608602252,1608.6194940275177,966.3820513468013,0.8494923927994316,0.22317481150221807,1450.2417127998842,815.061936499519,0.8470100035178014
2,"('x', 'z')",0.2278436200150828,1571.9864552464792,960.6247772234248,0.8562693479138264,0.22510937295103037,1395.4802786059915,822.1271935064935,0.858345734573335
2,"('y', 'z')",0.20583794206812633,1439.967051726023,867.8453547667148,0.8793973344845002,0.20516488282724157,1272.9606503094808,749.2874557539683,0.8821275778978711
3,"('carat', 'cut', 'color')",0.17849958614906317,1297.4398856149794,752.582517638924,0.9020901723464333,0.17819477467849532,1158.6076220293469,650.7892944814085,0.9023538752566265
3,"('carat', 'cut', 'clarity')",0.1508686158037657,1141.3179793359056,636.0859717595118,0.924235612929468,0.15150569378150952,1053.7896061164931,553.3174793923058,0.9192225626554237
3,"('carat', 'cut', 'depth')",0.21269763160452868,1496.1010932472839,896.766891969697,0.8698111840679956,0.2195939644101296,1353.7642750518808,801.9842412814039,0.8666882749824207
3,"('carat', 'cut', 'table')",0.20600921190465785,1469.9236985452308,868.5674555152558,0.8743271743079897,0.220203192686239,1412.5305658885793,804.2092180839095,0.8548630613137849
3,"('carat', 'cut', 'x')",0.2180926371578069,1533.3704137199966,919.5130895915305,0.8632441367870524,0.21898517261403327,1373.4978584678593,799.7608585577385,0.862773425327105
3,"('carat', 'cut', 'y')",0.21067672112117472,1456.0003007288185,888.2464133943835,0.8766966926212434,0.20919689380001552,1301.1092563430159,764.012857107892,0.8768569849110068
3,"('carat', 'cut', 'z')",0.21966139612514995,1574.8491784649557,926.1272257846854,0.8557453793686121,0.22560111562670468,1446.8539774655774,823.9230984063195,0.8477239317620018
3,"('carat', 'color', 'clarity')",0.09222982742076309,716.4100060547958,388.85555546194547,0.9701478866153399,0.09243372277322459,617.0795364807391,337.5793557269582,0.9723009713784461
3,"('carat', 'color', 'depth')",0.16675633464439546,1239.2842764982001,703.07110994709,0.91067075246825,0.17345285374395014,1103.392718850252,633.4712143915343,0.9114390070289178
3,"('carat', 'color', 'table')",0.1758676557586363,1252.6831670750048,741.4858823905724,0.9087286908682523,0.1779914314739024,1128.2189968211653,650.04666001924,0.9074089378958108
3,"('carat', 'color', 'x')",0.18792912566440578,1355.6563129409906,792.3389492460317,0.8931065736460089,0.18754306494181083,1219.7560224485064,684.930403478836,0.8917748511141446
3,"('carat', 'color', 'y')",0.17184887801025536,1271.4728440048323,724.5420790969216,0.9059700999420223,0.17652418206928142,1164.9973994322554,644.6880842328043,0.9012738590182907
3,"('carat', 'color', 'z')",0.17872884837610703,1348.9053286269123,753.5491234879935,0.8941685522809703,0.18983850573910557,1265.8978879863034,693.3136363749214,0.8834319315081846
3,"('carat', 'clarity', 'depth')",0.1528602731987547,1152.378517155026,644.4831146825396,0.9227600287413651,0.15196280544907623,1029.1837975809142,554.986907579365,0.9229508005364904
3,"('carat', 'clarity', 'table')",0.14574638818322208,1082.2387001116272,614.4898490919265,0.9318763488357833,0.15930548783883375,1081.36266203913,581.8032892642543,0.9149400761458446
3,"('carat', 'clarity', 'x')",0.1528358397047559,1155.1948009055102,644.3800992032042,0.9223820357785367,0.1503953817626697,1017.946655298878,549.2624829610204,0.9246241384396255
3,"('carat', 'clarity', 'y')",0.1528082432736966,1131.416182824349,644.2637482804232,0.9255445369376841,0.14644170233085105,984.6556472622144,534.8231580555555,0.9294737159671491
3,"('carat', 'clarity', 'z')",0.14944476418099048,1136.5681083551096,630.082787874718,0.924864924347959,0.15892239622116763,1082.8981281531762,580.4041914285715,0.9146983452966512
3,"('carat', 'depth', 'table')",0.21018408380494583,1475.6467195652763,886.1693764682541,0.8733466766803992,0.21256656280014882,1295.0901401060735,776.3193038888888,0.8779937036634142
3,"('carat', 'depth', 'x')",0.21768232458665493,1535.7878761892327,917.7831468253967,0.8628125870816771,0.2187826674823696,1365.6248823520948,799.0212848412699,0.8643420992507249
3,"('carat', 'depth', 'y')",0.20762592426209106,1470.3336040135296,875.3837707936508,0.8742570738515411,0.2060747736791691,1260.0497781117235,752.6104893650794,0.8845064703573837
3,"('carat', 'depth', 'z')",0.21128307699500312,1489.0465553472259,890.8029057647907,0.8710360433121745,0.21549763263759686,1355.7734836516202,787.0239324338623,0.8662922683263371
3,"('carat', 'table', 'x')",0.22749624824972553,1586.6695739621725,959.1602028601491,0.8535717796635478,0.217988675504025,1381.9367740580972,796.1215282106782,0.8610819759464842
3,"('carat', 'table', 'y')",0.21036239606587867,1443.0777582793785,886.9211691931216,0.8788757048777842,0.20616072124151422,1304.0506802625803,752.924380462963,0.8762995755468824
3,"('carat', 'table', 'z')",0.2083668747732866,1498.5950141678163,878.5077354660154,0.8693767866522178,0.22850954039316654,1476.7889021720498,834.5450243591594,0.8413576663179463
3,"('carat', 'x', 'y')",0.21624389952336623,1510.781582329031,911.7185190079365,0.8672436938137588,0.21141301147127256,1337.5119149835048,772.1063921645022,0.8698699583263321
3,"('carat', 'x', 'z')",0.2237195126540915,1548.8623369671436,943.2368876058201,0.8604668382590617,0.22421321399955038,1383.9173942416428,818.854310489418,0.8606834902583226
3,"('carat', 'y', 'z')",0.20480234307487294,1435.7179820800459,863.4791054413179,0.8801080355447324,0.2086327837103272,1291.612324712331,761.9526574867725,0.878648091550987
3,"('cut', 'color', 'clarity')",0.7052964461822852,4050.9592610483764,2973.6414890418264,0.04551842821394947,0.7401059574893257,3723.4771036303755,2702.9582364857743,-0.008508644233922391
3,"('cut', 'color', 'depth')",0.7688437391106715,4399.299988761924,3241.566937682617,-0.12569037221569945,0.8445359170255853,4173.642472952717,3084.349328407204,-0.26710538446916177
3,"('cut', 'color', 'table')",0.747478080603854,4281.628571343487,3151.4859385219443,-0.0662763487338971,0.7967408739097809,3902.004091772325,2909.795936226302,-0.10753558952093556
3,"('cut', 'color', 'x')",0.1891121988081841,1360.7281602352969,797.3269729401155,0.8923052476998156,0.18455651713649046,1212.4632801232847,674.02316255291,0.8930651070016827
3,"('cut', 'color', 'y')",0.182529102305236,1315.2085696978734,769.5715957600733,0.8993900214219889,0.17547190093595152,1150.1441883934447,640.8450237525437,0.9037752418106823
3,"('cut', 'color', 'z')",0.18344383286121105,1353.5672033538788,773.428244616402,0.8934357721517768,0.18067431018678215,1195.8731918024112,659.8448639670515,0.895971458320805
3,"('cut', 'clarity', 'depth')",0.7796291737529598,4530.272345876227,3287.040037828323,-0.1937143618328292,0.8392620198805214,4213.5239370170275,3065.088405586116,-0.2914368687502433
3,"('cut', 'clarity', 'table')",0.7449935194444701,4256.505298147053,3141.0106352851317,-0.05379990026022874,0.7913034560449209,3920.3607353849447,2889.9378155689633,-0.1179807133561952
3,"('cut', 'clarity', 'x')",0.16063875655897203,1195.3671515786186,677.2784321224146,0.9168897801354214,0.154749586876422,1030.0988106752243,565.1645770550746,0.9228137358709948
3,"('cut', 'clarity', 'y')",0.15769597497690113,1147.2261591606748,664.8711990319865,0.9234491743777051,0.15024906803640703,1008.5512524578874,548.7281271873496,0.9260091194388597
3,"('cut', 'clarity', 'z')",0.15248946329139948,1087.5647701676535,642.9197214015614,0.9312041789205158,0.15793788315818835,1093.3671440676824,576.8086282992933,0.9130410498329141
3,"('cut', 'depth', 'table')",0.7812194752708275,4503.331836267504,3293.745000825393,-0.17955907543565375,0.8219376707442992,4132.866784555185,3001.817745870906,-0.24246757428574184
3,"('cut', 'depth', 'x')",0.2214959817572587,1539.6858037317083,933.8621292857143,0.8621153225517612,0.2160866807119859,1342.574738019921,789.1752086507936,0.868882943143612
3,"('cut', 'depth', 'y')",0.20074885961689903,1403.527299509939,846.3889773809524,0.8854240345964195,0.19969025049007147,1222.8612455897298,729.2934232539682,0.8912231161751707
3,"('cut', 'depth', 'z')",0.20881187626389616,1457.9946420970057,880.3839322089947,0.8763586744186441,0.20432453332105954,1281.028258915528,746.2183957142857,0.8806287696395616
3,"('cut', 'table', 'x')",0.2241150407053431,1584.2713721939745,944.9044964951715,0.8540140885546113,0.2123929950483405,1355.6064055250781,775.6854130525954,0.8663252211183398
3,"('cut', 'table', 'y')",0.21354154089785024,1436.3210210286052,900.3249471693122,0.8800072988973823,0.2084732191743323,1306.1983257607733,761.3699081216931,0.8758917947363033
3,"('cut', 'table', 'z')",0.2216749147486517,1572.7049126908348,934.6165391084841,0.856137937169805,0.21103750234703586,1344.096476419796,770.7349865299977,0.8685855460144714
3,"('cut', 'x', 'y')",0.21547171888185152,1497.250750457531,908.4628831613757,0.8696110237734247,0.20367905055841182,1296.91472303348,743.8610130555555,0.8776496852657831
3,"('cut', 'x', 'z')",0.21817119361619508,1494.3258062321522,919.844296058201,0.8701199671969628,0.21932385289134765,1354.0648016559483,800.9977607010583,0.8666290797921219
3,"('cut', 'y', 'z')",0.19920380504494598,1378.9244937785763,839.8747826719577,0.8894056937756638,0.20158045305991523,1234.0134087693725,736.1966761640211,0.8892300378541714
3,"('color', 'clarity', 'depth')",0.7846028761320971,4544.558436709259,3308.009954561642,-0.20125492424982983,0.8186460917358932,4188.82224330496,2989.7964933707963,-0.27633921180771703
3,"('color', 'clarity', 'table')",0.7482027593739938,4348.2338427477625,3154.541298957659,-0.0997084959596719,0.7577289441639686,3859.8852901152018,2767.31955732326,-0.08375483087266233
3,"('color', 'clarity', 'x')",0.11456274066793358,882.2879499844466,483.01465375661377,0.9547235370263367,0.10345645380593338,695.1435013402063,377.8357289285714,0.9648495261565477
3,"('color', 'clarity', 'y')",0.1016457557418695,747.2797902023109,428.5546001190476,0.9675198317083009,0.1005971645131684,693.419098847388,367.3932517857143,0.9650237013716255
3,"('color', 'clarity', 'z')",0.11262434374342828,807.5224355891729,474.842065410053,0.9620719084080523,0.10943657101136106,706.3743844320092,399.675854510582,0.9637045543292945
3,"('color', 'depth', 'table')",0.7929774659291133,4594.015162177832,3343.3185511225806,-0.2275428045576331,0.845655309285993,4245.042436579896,3088.437487000592,-0.31082984859263907
3,"('color', 'depth', 'x')",0.18573093409811592,1338.1750201391064,783.0710255555556,0.8958455970531182,0.18259375622191865,1153.7040875038597,666.8549176190477,0.9031786547713535
3,"('color', 'depth', 'y')",0.17205527910902868,1268.5165347465186,725.4122988095238,0.9064068505925937,0.16897682291975658,1071.800704681967,617.1241977777777,0.9164377113304892
3,"('color', 'depth', 'z')",0.17652949428591946,1295.3927669487887,744.2762984126983,0.9023988955713014,0.1713465243550208,1088.291209140347,625.7786396825397,0.9138465859864232
3,"('color', 'table', 'x')",0.19576701405154026,1388.293252345001,825.3847276851852,0.8878977776764678,0.18963641095081732,1244.4267585639986,692.5755612830687,0.8873526623551322
3,"('color', 'table', 'y')",0.1742667245536878,1237.7684055914917,734.7361029497355,0.9108891507703345,0.1769355772863365,1140.7901840244047,646.1905503042328,0.9053340492382169
3,"('color', 'table', 'z')",0.19586309464663576,1459.9609235780254,825.7898186868687,0.8760249590869387,0.18807001211993354,1277.763487535065,686.8548795634921,0.8812364426750599
3,"('color', 'x', 'y')",0.17961572833439954,1290.2191915622232,757.2883498148148,0.903176942738855,0.18357060805143566,1216.7914978160072,670.4225009788361,0.8923002778878362
3,"('color', 'x', 'z')",0.17653382452750044,1308.8681665168367,744.2945553968254,0.9003577313636179,0.18388790195849103,1184.857828252705,671.5812974603174,0.8978790763377876
3,"('color', 'y', 'z')",0.17710076984196435,1304.3641754836592,746.6848866089466,0.901042316299293,0.17171261151970868,1116.2775774536055,627.1156351587301,0.9093585901093271
3,"('clarity', 'depth', 'table')",0.7744534519876448,4487.673610419166,3265.2183753764753,-0.17137060830320605,0.8720234330438479,4339.332903557719,3184.7371270328745,-0.36970861938522703
3,"('clarity', 'depth', 'x')",0.14959261717886374,1104.713618241679,630.7061595238096,0.9290175129220271,0.1484487486448957,1008.2894783306427,542.1531387301587,0.9260475238025295
3,"('clarity', 'depth', 'y')",0.144989970426512,1064.2058761390529,611.300672063492,0.9341276584127877,0.14286549042550895,958.0961128134057,521.7623911111111,0.9332270742188132
3,"('clarity', 'depth', 'z')",0.14920259225679286,1087.3751017602892,629.0617526984128,0.9312281724450814,0.15693146440750685,1083.0809776338308,573.1330628968253,0.9146695361599859
3,"('clarity', 'table', 'x')",0.15699862429302838,1171.3141130298773,661.9310581349207,0.9202007979437433,0.1546576752241151,1033.614104471781,564.8289043650793,0.922286028500978
3,"('clarity', 'table', 'y')",0.15491945277799818,1137.9964088240104,653.1649418253969,0.9246759644545708,0.15019899930360148,981.3074619140149,548.5452700000001,0.9299525302596218
3,"('clarity', 'table', 'z')",0.15994676540935657,1163.3724322600358,674.3608878703704,0.9212792300350634,0.16183846475785754,1112.6347763493989,591.0540333730158,0.9099492135790758
3,"('clarity', 'x', 'y')",0.15420442246049046,1130.1690653325145,650.1502607936508,0.9257085853871045,0.15243702457442637,1024.6055623872967,556.7188143121692,0.9236347692696456
3,"('clarity', 'x', 'z')",0.14762163654398766,1091.5713787415775,622.3961930952381,0.9306963550892328,0.1522523120600814,1043.8661185213518,556.0442214285714,0.9207367541157373
3,"('clarity', 'y', 'z')",0.14715131539949436,1074.1394955860376,620.4132446825398,0.932892174298029,0.1443286857434577,984.7143903621508,527.1061608730158,0.9294653007284954
3,"('depth', 'table', 'x')",0.2206357340274129,1546.7493131565157,930.2351886507938,0.8608472927017711,0.20933884634713693,1256.1473720739557,764.5312853174602,0.8852207353593977
3,"('depth', 'table', 'y')",0.20061720438912314,1392.6062862710294,845.8338980952382,0.8872001559930172,0.19611061227830195,1206.1478287257582,716.2201430158731,0.8941762058317592
3,"('depth', 'table', 'z')",0.20930142048933245,1455.38077785329,882.4479281746031,0.8768016005224885,0.2025143064197879,1261.9176439785688,739.6072238095238,0.8841638072034319
3,"('depth', 'x', 'y')",0.21055803493720635,1472.2681086298414,887.7460136507937,0.8739259785252445,0.20498083884838988,1266.131845338893,748.6153044444445,0.8833888403914401
3,"('depth', 'x', 'z')",0.21432970259260503,1482.1287596295047,903.6479616666667,0.8722315384328414,0.21035538884381114,1304.156052892697,768.243823888889,0.8762795837384434
3,"('depth', 'y', 'z')",0.19940651947595034,1408.6501245911993,840.7294588095236,0.8845861117321197,0.2006877799551007,1240.8618486870205,732.9365238888888,0.8879971396681658
3,"('table', 'x', 'y')",0.22189480601165387,1505.8592336909667,935.543635489418,0.8681073636854175,0.20649564321362895,1294.2466544816657,754.1475568121693,0.8781525760712876
3,"('table', 'x', 'z')",0.22000789969127657,1516.997919658947,927.5881396825398,0.8661489547522716,0.21241581261903,1321.5350033424456,775.7687456349206,0.8729602614692811
3,"('table', 'y', 'z')",0.19808978588516082,1373.4043526377563,835.1779015079366,0.8902893885777353,0.20188503482883646,1247.89752524696,737.3090463492063,0.8867234283008949
3,"('x', 'y', 'z')",0.20930403983390053,1438.6921470221819,882.4589717460317,0.879610796090367,0.20877407739363799,1296.8816663891027,762.4686794444444,0.8776559222823386
4,"('carat', 'cut', 'color', 'clarity')",0.08820806023684157,711.6589448221175,371.8991482347282,0.9705425179816027,0.08204740715871889,566.5503047215041,299.64725012385765,0.9766514881876275
4,"('carat', 'cut', 'color', 'depth')",0.16959190950524589,1244.2635610539114,715.026342526455,0.9099514835853089,0.16812629579073163,1074.4843877717233,614.0179678042329,0.9160187240022064
4,"('carat', 'cut', 'color', 'table')",0.1694296686140292,1248.7678912302295,714.3423092409442,0.9092983383367759,0.17075028709438123,1115.2326207470824,623.6011076707553,0.9095282110328067
4,"('carat', 'cut', 'color', 'x')",0.17751500866360168,1282.8166047890104,748.431383068783,0.904284793171475,0.18027435554595325,1156.672633970915,658.3841802910052,0.902679760058675
4,"('carat', 'cut', 'color', 'y')",0.17087075754191708,1248.6255293373347,720.4181683333333,0.9093190174786906,0.17058141380419836,1114.0653062858812,622.9843615873016,0.9097175056339891
4,"('carat', 'cut', 'color', 'z')",0.17186883229553038,1286.2806202985362,724.6262095230695,0.9037671718413779,0.17402537941744198,1152.9451168239668,635.5621487626263,0.9033060017954251
4,"('carat', 'cut', 'clarity', 'depth')",0.14946644804441414,1113.3209771709664,630.1742104761904,0.9279070858896209,0.14709224118676428,997.813497829693,537.1990061904762,0.9275762515675977
4,"('carat', 'cut', 'clarity', 'table')",0.1465548917233824,1102.5204721959756,617.898628030303,0.9292990708398142,0.1494857100725584,1033.9463855303188,545.9402497558923,0.9222360542769307
4,"('carat', 'cut', 'clarity', 'x')",0.1502051962957155,1124.8258779288099,633.28889007215,0.9264093913291168,0.14394139163669903,987.8843539989724,525.69171502886,0.9290104433097135
4,"('carat', 'cut', 'clarity', 'y')",0.1529648294698429,1125.0025877979808,644.9239404761905,0.9263862673797787,0.14160374812617163,957.5665447635064,517.1543526190477,0.9333008685597717
4,"('carat', 'cut', 'clarity', 'z')",0.14415149768481436,1077.010672163496,607.7655382263107,0.9325329361674691,0.1482557152622756,1029.6301025733771,541.4481570093795,0.9228839613606027
4,"('carat', 'cut', 'depth', 'table')",0.20834312514053313,1450.3132435820464,878.4076032539682,0.8776580433385586,0.20792494832787786,1268.074945646069,759.3675553703704,0.8830306453903769
4,"('carat', 'cut', 'depth', 'x')",0.21136841531526623,1478.8623545916532,891.1627056349207,0.8727940855939476,0.21353721029518943,1325.1184026359929,779.8642282539681,0.872270379927537
4,"('carat', 'cut', 'depth', 'y')",0.20189098286740573,1406.460892618001,851.20434984127,0.8849445704154616,0.20317908850111419,1236.5508821907329,742.0350899603175,0.8887740220317802
4,"('carat', 'cut', 'depth', 'z')",0.20878296881702627,1466.8236174182446,880.2620538359787,0.874856705364543,0.21426075835401823,1340.4921951029423,782.5067150024049,0.8692893936947748
4,"('carat', 'cut', 'table', 'x')",0.21596841560076396,1525.3986616414109,910.5570351719576,0.864662385084763,0.21362008451675377,1335.12387082148,780.1668951322752,0.8703342216571543
4,"('carat', 'cut', 'table', 'y')",0.20703991345088749,1406.3113848704359,872.9130564285714,0.884969030055879,0.20401457225050396,1258.670784344044,745.0863796560847,0.8847591234047746
4,"('carat', 'cut', 'table', 'z')",0.21038284777853103,1500.1350020350226,887.0073968518518,0.869108186371267,0.21585280243240157,1379.271120830577,788.3210563287638,0.861617384133787
4,"('carat', 'cut', 'x', 'y')",0.2083949439227522,1431.9831355745946,878.6260794444444,0.8807309930751421,0.2026762193425543,1281.943688172833,740.1985497727272,0.8804581021143882
4,"('carat', 'cut', 'x', 'z')",0.2128304975908853,1470.9888247562176,897.3270760052909,0.8741449799284893,0.21810671713538654,1344.9916972739993,796.5526308068784,0.8684104333794935
4,"('carat', 'cut', 'y', 'z')",0.20265623325818466,1402.395513446591,854.4307666534392,0.8856087452131315,0.20630191521114244,1266.7939004638558,753.4400382539683,0.8832668575178548
4,"('carat', 'color', 'clarity', 'depth')",0.09242895211628656,704.6381276173132,389.6950967063492,0.9711208720830767,0.08582348311660574,581.2037684587923,313.4379452380952,0.9754280799895856
4,"('carat', 'color', 'clarity', 'table')",0.09082773775005248,706.4132838656226,382.9441234126984,0.9709751815878725,0.08686501304503139,576.3047854577093,317.2417409920635,0.9758405690084393
4,"('carat', 'color', 'clarity', 'x')",0.09941416086392496,777.0204587031926,419.1458427777778,0.9648830568848168,0.08975656490242663,617.1563684696229,327.802045,0.972294073389381
4,"('carat', 'color', 'clarity', 'y')",0.09158650848083606,715.4937926168094,386.14322095238094,0.970224193249055,0.08815715847754058,619.7099388697252,321.9608154761904,0.9720643248047055
4,"('carat', 'color', 'clarity', 'z')",0.091048060627925,694.4565030679677,383.87303955026454,0.9719494168233169,0.09459968659458248,655.6891126237366,345.4897227380952,0.9687263771242822
4,"('carat', 'color', 'depth', 'table')",0.16396574761177213,1207.2674290978323,691.3055531746031,0.915226763439107,0.16534755334980822,1038.5942054181342,603.8696576984128,0.9215353502962228
4,"('carat', 'color', 'depth', 'x')",0.17462138115840992,1292.0295608894464,736.2313913492063,0.9029050378253599,0.17243384959312863,1082.0616777356731,629.7496855555556,0.9148300715349312
4,"('carat', 'color', 'depth', 'y')",0.16286583460701407,1227.034605008124,686.6681457936508,0.9124279697521844,0.16643714182882174,1075.0037316881946,607.8489692063492,0.9159375209511175
4,"('carat', 'color', 'depth', 'z')",0.16932369857185559,1260.8208629153044,713.8955227645503,0.9075390035400923,0.17196125528541192,1109.1978855646912,628.0237128571429,0.9105046819416921
4,"('carat', 'color', 'table', 'x')",0.17752149484612254,1281.477376490684,748.4587298412698,0.9044845373942754,0.18135207711521764,1171.649498564316,662.3201523809524,0.9001431937508766
4,"('carat', 'color', 'table', 'y')",0.16706238561226888,1211.0604938972922,704.3614692857143,0.9146932353990861,0.16957756753116485,1107.3431810746356,619.3181911904761,0.9108037243318021
4,"('carat', 'color', 'table', 'z')",0.1715745692568434,1291.0069999354291,723.3855499603175,0.9030586662422371,0.17849558290226206,1191.9059397842848,651.8878832142856,0.8966605328416845
4,"('carat', 'color', 'x', 'y')",0.17188088861456005,1265.0278532237016,724.6770408730158,0.9069209435318986,0.178668526597943,1169.3006540474564,652.5194949206349,0.900543164917913
4,"('carat', 'color', 'x', 'z')",0.17843351251924874,1307.657322576671,752.3039407539682,0.9005420057352576,0.18427407739363796,1192.1671590922708,672.9916577777777,0.8966152319144172
4,"('carat', 'color', 'y', 'z')",0.17398990434048614,1297.690008887727,733.5689851010101,0.9020524181701198,0.17377705989431588,1137.8060278253415,634.6552552380953,0.9058286686679435
4,"('carat', 'clarity', 'depth', 'table')",0.14751929924923193,1109.1215719650168,621.9647228571429,0.9284499237398904,0.14881292815655792,1008.2117068692878,543.4831672222222,0.9260589315786889
4,"('carat', 'clarity', 'depth', 'x')",0.14469770360985548,1081.1159062711263,610.0684288888889,0.9320176284598747,0.14728845743878413,1006.1025993035909,537.9156121428571,0.9263679669686301
4,"('carat', 'clarity', 'depth', 'y')",0.1462092270675582,1083.9412374765186,616.4412511111111,0.9316618410906234,0.1410040122777891,951.4264622321642,514.9640433333334,0.9341534989261944
4,"('carat', 'clarity', 'depth', 'z')",0.14792198253902056,1100.5172347233968,623.6624993650794,0.9295557591923365,0.15214205106687884,1044.0769366582113,555.6415346825397,0.9207047350341662
4,"('carat', 'clarity', 'table', 'x')",0.15095031734956943,1139.5172649123613,636.4304384126983,0.9244744988505216,0.14713467405806155,987.7838508785671,537.3539762698413,0.9290248869214768
4,"('carat', 'clarity', 'table', 'y')",0.14594148846665966,1085.8909505471165,615.3124227777778,0.9314157767691089,0.14573402595932775,964.8837833728177,532.2386366666666,0.9322776118657022
4,"('carat', 'clarity', 'table', 'z')",0.14487155104054986,1095.5172115140626,610.8013971825396,0.9301944092633754,0.1532323512975296,1053.105646616812,559.6234455952381,0.9193273854129503
4,"('carat', 'clarity', 'x', 'y')",0.1489540948612382,1114.4493613991735,628.0140483333333,0.9277608751678371,0.1461924067807999,987.5256101537295,533.9126999603175,0.9290619927493527
4,"('carat', 'clarity', 'x', 'z')",0.14676734938589905,1106.3849265869,618.7943831746032,0.9288025733018944,0.14856098915625382,1021.0471638769011,542.5630549206348,0.9241642726567786
4,"('carat', 'clarity', 'y', 'z')",0.14507684528880246,1090.771878767516,611.6669502380952,0.9307978380926196,0.14427635986666945,978.2871747452599,526.9150603174603,0.9303830536280338
4,"('carat', 'depth', 'table', 'x')",0.2181393613327562,1514.6343481036724,919.7100861111111,0.8665657253494015,0.20695743365557684,1264.5057570586278,755.8340724603175,0.8836881745824876
4,"('carat', 'depth', 'table', 'y')",0.19986526058712706,1391.0435703911855,842.663583968254,0.8874531710857141,0.19674302316065143,1199.6242336560342,718.5297855555556,0.8953178314946657
4,"('carat', 'depth', 'table', 'z')",0.2093742176522504,1453.2012649200285,882.7548525396826,0.8771703170164302,0.21137615310719224,1317.4522344890383,771.9717808730159,0.8737440056563082
4,"('carat', 'depth', 'x', 'y')",0.20767445226551404,1451.7365138792666,875.5883725396825,0.8774178040478681,0.2066864169732615,1275.168341547134,754.844286111111,0.88171837189795
4,"('carat', 'depth', 'x', 'z')",0.2130206618546806,1487.1317153046527,898.1288386507938,0.8713675125569623,0.21402264086249978,1329.0199044687909,781.6370805555556,0.8715171325727022
4,"('carat', 'depth', 'y', 'z')",0.1979294963753865,1401.1412668607295,834.5020955555556,0.8858132676610537,0.20227179759354602,1261.952578499331,738.7215516666666,0.884157393571108
4,"('carat', 'table', 'x', 'y')",0.21467712533385588,1461.2525876878042,905.112750952381,0.8758054943798987,0.20131951899519032,1257.1818562477574,735.2437127777778,0.8850316075107052
4,"('carat', 'table', 'x', 'z')",0.21740797573093462,1506.102406311282,916.6264486111111,0.8680647630666184,0.2153501575100234,1340.4256010717147,786.485335079365,0.8693023804618955
4,"('carat', 'table', 'y', 'z')",0.19866862227603382,1386.5316541521238,837.6183673809523,0.8881820890520911,0.2037229169184771,1273.3753674476989,744.0212184126983,0.882050762206112
4,"('carat', 'x', 'y', 'z')",0.21017972437671056,1438.9870146514365,886.1509964285714,0.8795614422142644,0.2085524970101107,1286.176731805626,761.6594405555555,0.879667331760969
4,"('cut', 'color', 'clarity', 'depth')",0.7551925293038508,4381.171988583386,3184.011275695508,-0.11643232152140004,0.81334629826776,4122.518141268754,2970.4409939839793,-0.23625312003710763
4,"('cut', 'color', 'clarity', 'table')",0.7398819149581952,4331.39157440903,3119.4593014336197,-0.09120586437095635,0.7810593460682901,3952.5745399090674,2852.5250624940772,-0.13642920865310715
4,"('cut', 'color', 'clarity', 'x')",0.10926618093774214,843.822344348519,460.6835193121693,0.9585853649094878,0.09661051333607755,647.4303449408698,352.83351,0.969509232844007
4,"('cut', 'color', 'clarity', 'y')",0.09655247246538944,724.2432797639964,407.0805113888889,0.969491507774663,0.09319363249741604,639.5650518811057,340.35463976190476,0.9702455656538028
4,"('cut', 'color', 'clarity', 'z')",0.10311183512712195,765.2793364352189,434.73582293650793,0.9659363038297872,0.1001155156663158,652.8923154459194,365.6342107936508,0.968992599144544
4,"('cut', 'color', 'depth', 'table')",0.7831922201876542,4492.210642066236,3302.0624057460136,-0.17374031362534015,0.8302820083459562,4101.478088628264,3032.292295927128,-0.22366641733192005
4,"('cut', 'color', 'depth', 'x')",0.1811284085348516,1284.8860598226074,763.666049047619,0.9039757262526757,0.1723103894724952,1102.034006747712,629.2987939682541,0.9116569798408084
4,"('cut', 'color', 'depth', 'y')",0.16800437412038852,1228.8677456210119,708.333041984127,0.9121661160789106,0.16443435462657796,1061.2726696256252,600.5345433333333,0.9180712723699312
4,"('cut', 'color', 'depth', 'z')",0.17468069722126298,1281.5600903063048,736.4814772619047,0.9044722067773208,0.16541451991594192,1076.4132400331005,604.1142278571429,0.9157169367054495
4,"('cut', 'color', 'table', 'x')",0.1852837639094267,1316.584562646294,781.1856852380953,0.8991793916517116,0.18148810321345135,1203.712446682849,662.8169364682541,0.8946031206328475
4,"('cut', 'color', 'table', 'y')",0.17394594257033996,1268.306197296965,733.3836353174603,0.9064378860764624,0.17064924218687827,1108.1249505489288,623.2320792063491,0.9106777371197425
4,"('cut', 'color', 'table', 'z')",0.17917441941131182,1336.8740215808032,755.427721521164,0.8960480202876463,0.16916526090330783,1116.545459754919,617.8123965343916,0.9093150809616932
4,"('cut', 'color', 'x', 'y')",0.17609155543784263,1278.0902617143372,742.4298788888889,0.9049887901967301,0.16898986958097914,1102.801197588734,617.1718457936508,0.9115339354575344
4,"('cut', 'color', 'x', 'z')",0.1738054919475988,1272.4493392098939,732.7914732539683,0.9058256139533495,0.17532112799612073,1133.4883895431067,640.2943823809524,0.9065420174744442
4,"('cut', 'color', 'y', 'z')",0.1724926125763891,1273.8009039685542,727.256165952381,0.9056254482166665,0.1679597437055208,1093.6296210921626,613.409699047619,0.9129992935641218
4,"('cut', 'clarity', 'depth', 'table')",0.7675609459696862,4434.517667385783,3236.1584786913086,-0.14378547077919945,0.842315752456494,4179.6706870693815,3076.241013580586,-0.2707683234376428
4,"('cut', 'clarity', 'depth', 'x')",0.15104444047884935,1102.9979816554564,636.8272764285714,0.9292378154268832,0.1471361007340935,980.281122110888,537.3591866666667,0.930098977552157
4,"('cut', 'clarity', 'depth', 'y')",0.14504493558841414,1047.6217683411778,611.5324138888889,0.9361647116500549,0.14339238132702709,963.7509358218172,523.6866616666666,0.9324365410668963
4,"('cut', 'clarity', 'depth', 'z')",0.14752143947524635,1077.022159560658,621.9737463888889,0.9325314969522212,0.15301352561721324,1049.174473065001,558.8242672222223,0.9199285522990702
4,"('cut', 'clarity', 'table', 'x')",0.15413181499043255,1154.2896940862154,649.8441362037037,0.9225036170510115,0.1494835437979828,1002.7640846329462,545.9323382539683,0.9268558173570035
4,"('cut', 'clarity', 'table', 'y')",0.15351942934208423,1120.0174290917214,647.2622213492064,0.9270372224335763,0.1465717739673685,971.175214859882,535.2981957142857,0.9313915780260154
4,"('cut', 'clarity', 'table', 'z')",0.150208784389184,1086.5662610909187,633.304018042328,0.9313304458234801,0.153162775326714,1044.5550491942463,559.369345568783,0.9206320952900966
4,"('cut', 'clarity', 'x', 'y')",0.15147098422085328,1103.649521683794,638.6256523809524,0.9291541924041327,0.14484439676036254,980.548085881264,528.9896011111111,0.9300608995333077
4,"('cut', 'clarity', 'x', 'z')",0.1471216915007352,1091.9279491862765,620.2883456349206,0.9306510705240791,0.14657963962429857,1002.6981705700927,535.326922063492,0.9268654329223603
4,"('cut', 'clarity', 'y', 'z')",0.14456838370972447,1055.342750403142,609.5231957142857,0.9352203109826611,0.13841918043589083,938.3140628952688,505.5239186507937,0.9359559629013343
4,"('cut', 'depth', 'table', 'x')",0.2140486478183564,1499.2963181792275,902.4629902380951,0.8692545014218478,0.20610006729288205,1254.3714631103069,752.7028647619047,0.8855450499092828
4,"('cut', 'depth', 'table', 'y')",0.1984731111100444,1369.9530334694784,836.7940613492063,0.8908400939437907,0.19545954971095963,1186.3923535239028,713.8423822222222,0.8976143886915617
4,"('cut', 'depth', 'table', 'z')",0.2058643390380489,1434.7942152572061,867.9566485714286,0.8802622672120709,0.1967970866002413,1222.5250222444122,718.727231904762,0.8912829239416229
4,"('cut', 'depth', 'x', 'y')",0.2045472289478903,1415.7494603464736,862.4035038888888,0.8834198510041742,0.2001165700866254,1230.962185572457,730.8503949999999,0.8897771405451611
4,"('cut', 'depth', 'x', 'z')",0.21198614128053647,1461.3604633140444,893.7671361111112,0.8757871566130904,0.2037652715573984,1269.9870512557861,744.1759027777778,0.8826776277955091
4,"('cut', 'depth', 'y', 'z')",0.19619714279502357,1372.5555260293181,827.1982185714286,0.8904249590063344,0.19915989815361596,1216.6481621190385,727.356511111111,0.8923256500333893
4,"('cut', 'table', 'x', 'y')",0.2131855958700335,1451.0949121082895,898.8242265740739,0.8775261316591448,0.200109576981462,1260.354316667082,730.8248553174603,0.884450636875834
4,"('cut', 'table', 'x', 'z')",0.21525140514304425,1481.61797089555,907.5340055555555,0.8723195894128919,0.20936493308502377,1290.5219286431222,764.6265573015874,0.878852898810254
4,"('cut', 'table', 'y', 'z')",0.19896513963333995,1369.6188263591291,838.8685315079365,0.8908933476917511,0.19754134776651133,1214.770857006342,721.4453654761905,0.8926576797251455
4,"('cut', 'x', 'y', 'z')",0.20352137531354947,1387.719777334282,858.0783425396826,0.8879903727316697,0.20314616878452574,1255.1437856833888,741.9148630952382,0.8854040655882547
4,"('color', 'clarity', 'depth', 'table')",0.7355536826318689,4228.844608304695,3101.210788642376,-0.04014826868108856,0.8133036117608844,4029.8402787351733,2970.2850975962,-0.18129377810466352
4,"('color', 'clarity', 'depth', 'x')",0.10463967020680735,780.5961089269852,441.17741753968255,0.9645591147922884,0.0951696617931808,630.804600313216,347.57134246031745,0.9710551066616244
4,"('color', 'clarity', 'depth', 'y')",0.09405532880446062,700.392358816831,396.5521583333333,0.9714678436485648,0.09274751582869142,621.8248872716108,338.7253666666666,0.9718733214774832
4,"('color', 'clarity', 'depth', 'z')",0.09635804672104739,704.7055003695504,406.2607816666666,0.9711153493636284,0.09034040675706939,596.072520007985,329.9343074603175,0.9741547670531527
4,"('color', 'clarity', 'table', 'x')",0.11335049785316677,864.4542568029141,477.90364611111113,0.9565353856123908,0.09345972051831383,619.8661398771579,341.32642603174605,0.9720502403749867
4,"('color', 'clarity', 'table', 'y')",0.10118984014541939,753.3135036639394,426.6323877777778,0.9669932091243626,0.09394319301617841,638.0240405417676,343.09212722222225,0.9703887776108264
4,"('color', 'clarity', 'table', 'z')",0.10951452528768055,816.6047850259308,461.73057841269843,0.9612139424650924,0.10662904372829078,712.5032761694963,389.4224186111111,0.9630719835145837
4,"('color', 'clarity', 'x', 'y')",0.10060288783166878,757.9634351220507,424.15770388888893,0.9665844735830732,0.09520834409571784,659.8955792275989,347.712615,0.9683238283519798
4,"('color', 'clarity', 'x', 'z')",0.09638361923736526,720.9554375711315,406.3685994444445,0.9697678774118673,0.09272329369429229,613.9065878936333,338.63690444444444,0.9725850891779858
4,"('color', 'clarity', 'y', 'z')",0.09140899265194684,674.6738021528646,385.3947861111111,0.9735247853517774,0.09036880721747563,611.4575888001002,330.0380294444445,0.9728033802902851
4,"('color', 'depth', 'table', 'x')",0.18168192291956142,1316.7416413778649,765.9997533333333,0.8991553328583006,0.17874582600937045,1118.9700708680864,652.801801904762,0.9089208034268397
4,"('color', 'depth', 'table', 'y')",0.16799215162302175,1238.2024867375499,708.28151,0.9108266380707184,0.16491617327028324,1035.6591471959039,602.2942044444444,0.9219782044996189
4,"('color', 'depth', 'table', 'z')",0.17325832109065661,1277.5767954325604,730.4845142857142,0.9050651154055391,0.16627254673373962,1036.9452881141285,607.2478476190475,0.9217843002941234
4,"('color', 'depth', 'x', 'y')",0.1716733884256139,1264.6938752326128,723.8021872222222,0.9069700843514983,0.168234709732025,1074.9740386053813,614.413908888889,0.9159421647297497
4,"('color', 'depth', 'x', 'z')",0.17504267538746202,1289.3057573988885,738.0076345238095,0.9033139895011388,0.17257618536066233,1090.950995310447,630.2695133333333,0.9134249531030274
4,"('color', 'depth', 'y', 'z')",0.1712404710185747,1274.0307165160525,721.9769388888889,0.9055913920112484,0.1676842187086903,1061.2979984442547,612.4034477777777,0.9180673616263393
4,"('color', 'table', 'x', 'y')",0.1739673126602219,1247.876694372306,733.4737349999999,0.9094277526062494,0.17106122302759555,1112.6358921203812,624.7366840476191,0.9099490329697565
4,"('color', 'table', 'x', 'z')",0.1770109811092416,1280.3377142906695,746.3063230952382,0.9046543522654912,0.17415940292094484,1125.5492491004659,636.0516191269842,0.9078466229631292
4,"('color', 'table', 'y', 'z')",0.16801669484152945,1240.0920337019238,708.384988095238,0.9105542661057959,0.168439616644842,1094.4533554595282,615.1622542063492,0.9128681843473977
4,"('color', 'x', 'y', 'z')",0.17224572646109512,1273.2949747226317,726.2152550000001,0.9057004008463975,0.16919094243370578,1096.8247193637137,617.9061886507936,0.9124901964034591
4,"('clarity', 'depth', 'table', 'x')",0.15048619089126028,1114.5786493974765,634.4736077777777,0.9277441131795015,0.1457242286146476,980.2778291073471,532.2028555555555,0.9300994471805577
4,"('clarity', 'depth', 'table', 'y')",0.14796549017437544,1080.4160933105052,623.8459344444444,0.9321056107874769,0.14146960961218602,942.9590480865621,516.6644622222221,0.9353203123445962
4,"('clarity', 'depth', 'table', 'z')",0.14711903042329874,1079.7046146859307,620.2771261111111,0.9321950013506989,0.14730807831425918,1001.048325255063,537.98727,0.9271059069921771
4,"('clarity', 'depth', 'x', 'y')",0.142549680890384,1054.8739253228903,601.012025,0.9352778536095198,0.14239802127286075,973.448122101958,520.0551361111111,0.9310700643466264
4,"('clarity', 'depth', 'x', 'z')",0.14715338384008086,1083.4080913391829,620.4219655555556,0.9317290500203088,0.14608137503570984,1012.0659475899296,533.5071983333333,0.9254925199701899
4,"('clarity', 'depth', 'y', 'z')",0.14543088614390648,1063.5400551657456,613.1596425396825,0.9342100587590195,0.14125992002825755,962.1687106121751,515.89865,0.932658201773377
4,"('clarity', 'table', 'x', 'y')",0.15071029765587213,1105.435124984768,635.4184773809524,0.9289247629700224,0.14342220576879458,952.5089865324794,523.7955842063493,0.9340035745937352
4,"('clarity', 'table', 'x', 'z')",0.14854746230935614,1112.430746451187,626.2996211111112,0.9280223332777233,0.147224441884797,1006.423268433257,537.6818194444445,0.9263210228841121
4,"('clarity', 'table', 'y', 'z')",0.1447713267146171,1060.4689313993524,610.3788355555555,0.934589465869097,0.14220920341317422,962.762934254852,519.36555,0.9325749971442326
4,"('clarity', 'x', 'y', 'z')",0.14216696505573467,1056.0830324345188,599.3984344444445,0.9351293982263451,0.1418585302431371,983.1555435031019,518.0848483333333,0.9296884431246999
4,"('depth', 'table', 'x', 'y')",0.20952133359950512,1446.0504486002753,883.3751166666668,0.8783761671662269,0.19954086420350295,1223.636668176981,728.7478461111112,0.8910851204773608
4,"('depth', 'table', 'x', 'z')",0.21450824098030263,1480.3491556205904,904.4007077777777,0.872538179482856,0.20185786411618692,1237.5990839799808,737.2098155555556,0.8885853736142256
4,"('depth', 'table', 'y', 'z')",0.19416923199568853,1352.8060522143574,818.6482255555555,0.8935555869309129,0.1957187553906997,1194.037581748895,714.7890333333334,0.896290571223539
4,"('depth', 'x', 'y', 'z')",0.20495681515906444,1421.5418459625062,864.1303842063492,0.8824639494003415,0.20177639187674992,1227.9527965293519,736.9122688888889,0.8903154154071812
4,"('table', 'x', 'y', 'z')",0.2076526585220748,1418.613083803464,875.4964866666667,0.8829477628446998,0.20325497161316505,1254.3558267205428,742.3122244444444,0.8855479033719262
5,"('carat', 'cut', 'color', 'clarity', 'depth')",0.08819129799103394,694.2222156828956,371.828475952381,0.9719683403676405,0.08360521270144348,565.0150976524245,305.33654809523813,0.9767778537899313
5,"('carat', 'cut', 'color', 'clarity', 'table')",0.08906444787857448,706.2655438137923,375.5098141269841,0.9709873208832753,0.08277845501662286,554.8105785402332,302.3171270634921,0.9776090914560136
5,"('carat', 'cut', 'color', 'clarity', 'x')",0.09648165068647935,750.1849525262181,406.7819155555556,0.9672667977521359,0.08432131368935757,585.4044253691133,307.9518372222222,0.9750716087600567
5,"('carat', 'cut', 'color', 'clarity', 'y')",0.09067718400834883,719.6585056464941,382.309365,0.969876549144438,0.0846125085876331,600.1924004152482,309.0153169047619,0.973796262870635
5,"('carat', 'cut', 'color', 'clarity', 'z')",0.08436317860892761,667.9215361172306,355.68851851851855,0.9740520716381222,0.085546465880666,605.0049562614003,312.4262441269842,0.973374356384059
5,"('carat', 'cut', 'color', 'depth', 'table')",0.1652881658705515,1226.2736319487215,696.8810779365081,0.9125365555921786,0.16304064354474024,1021.0793171012809,595.4445385714286,0.9241594963807434
5,"('carat', 'cut', 'color', 'depth', 'x')",0.1739445310506565,1258.9062740267852,733.3776841269841,0.9078195991318923,0.16914411601044263,1060.339952998716,617.7351727777777,0.9182152178588229
5,"('carat', 'cut', 'color', 'depth', 'y')",0.16822913341990503,1259.8072282801404,709.2806627777777,0.9076876114787564,0.16272727144117988,1040.0344871590316,594.300065,0.9213175759981621
5,"('carat', 'cut', 'color', 'depth', 'z')",0.17011341436575092,1250.0169040666176,717.2250895899471,0.9091168086940367,0.17019341375100033,1109.1053515668652,621.5673375396825,0.9105196134777891
5,"('carat', 'cut', 'color', 'table', 'x')",0.17722057238407904,1269.8676605314777,747.189993095238,0.9062073680322388,0.1747669965378262,1124.291307263932,638.2706259523809,0.9080524936683024
5,"('carat', 'cut', 'color', 'table', 'y')",0.16801632958010465,1222.7201003913874,708.383448095238,0.9130427293744661,0.16521015198073294,1081.871363386346,603.367850952381,0.9148600284854763
5,"('carat', 'cut', 'color', 'table', 'z')",0.16960664219919605,1264.2911262126706,715.0884578968254,0.9070293267376333,0.16731789269621233,1109.5197640881577,611.06558,0.9104527330497758
5,"('carat', 'cut', 'color', 'x', 'y')",0.17034345821287133,1248.4652177514465,718.1949908730159,0.9093423011270813,0.16797929567131137,1089.0887222739818,613.4811052380952,0.9137202711658793
5,"('carat', 'cut', 'color', 'x', 'z')",0.17416151495394844,1271.9135829075756,734.2925226190476,0.9059049002518564,0.17389600813651482,1102.8816180742442,635.0896688888889,0.9115210324188273
5,"('carat', 'cut', 'color', 'y', 'z')",0.17094651529136914,1262.8654260425808,720.7375750000001,0.9072388885493411,0.16678949308332355,1088.9945596942498,609.1357994444445,0.9137351900066774
5,"('carat', 'cut', 'clarity', 'depth', 'table')",0.14602372514510736,1088.226921015969,615.6591456349206,0.9311203823875586,0.14330017801777153,967.2474458530851,523.3499238095238,0.931945408268096
5,"('carat', 'cut', 'clarity', 'depth', 'x')",0.14693471729464092,1090.9114023072332,619.5000327777777,0.9307801332942234,0.14295692338490454,979.8240593400072,522.0963155555555,0.9301641460146134
5,"('carat', 'cut', 'clarity', 'depth', 'y')",0.1439399555884725,1069.3347233015097,606.8736432539682,0.9334911964328292,0.1398884930258227,956.1124965822136,510.8900294444444,0.9335032777128967
5,"('carat', 'cut', 'clarity', 'depth', 'z')",0.14520450373322813,1077.9771365865574,612.2051784523809,0.9324117975854392,0.14845474009314086,1032.651239254581,542.1750202380953,0.9224307502624207
5,"('carat', 'cut', 'clarity', 'table', 'x')",0.14903353581398246,1121.1867893716224,628.348983968254,0.9268847885319837,0.14479986161127312,973.5720926412747,528.8269532539682,0.931052506502026
5,"('carat', 'cut', 'clarity', 'table', 'y')",0.14667550198739374,1088.2947167669324,618.40714,0.931111799819396,0.14091172867169205,953.6185296037568,514.6270122222222,0.9338497313719818
5,"('carat', 'cut', 'clarity', 'table', 'z')",0.1408169675075642,1058.4225986450344,593.706631031746,0.9348416610463368,0.14578813501273905,1022.4486264143369,532.4362496031746,0.9239559495276589
5,"('carat', 'cut', 'clarity', 'x', 'y')",0.1483654156124035,1096.033669783427,625.5320834126984,0.9301285770297928,0.14051432165337,958.6742571047602,513.1756327777778,0.9331464642823561
5,"('carat', 'cut', 'clarity', 'x', 'z')",0.1455142598500723,1090.1966382089938,613.5111592857144,0.9308708091588785,0.14515873901057866,1007.0320083118521,530.1376177777779,0.9262318657724636
5,"('carat', 'cut', 'clarity', 'y', 'z')",0.14349558957747494,1062.2848330001189,605.0001257936508,0.9343652616774739,0.1394438396936907,951.5874409224723,509.2661006349207,0.9341312149543681
5,"('carat', 'cut', 'depth', 'table', 'x')",0.2108440632829913,1476.210278646755,888.9519544444445,0.8732499187515408,0.20589423619493025,1273.8532577746148,751.9511442063492,0.8819622142754464
5,"('carat', 'cut', 'depth', 'table', 'y')",0.19672404979369337,1366.8558929293163,829.419741904762,0.891333105599766,0.1940728933640126,1176.479522148945,708.7781422222222,0.8993181946842339
5,"('carat', 'cut', 'depth', 'table', 'z')",0.2061139132620825,1443.3584823165102,869.008893015873,0.878828575319859,0.20976284778800347,1302.324387029337,766.0797908730159,0.8766268662962473
5,"('carat', 'cut', 'depth', 'x', 'y')",0.20658701846138236,1433.6803196596402,871.0035794444444,0.8804481106721957,0.20556785611171094,1261.8888343930626,750.7591638888888,0.8841690962246656
5,"('carat', 'cut', 'depth', 'x', 'z')",0.2083025201513565,1451.0335422387002,878.2364061904763,0.8775364907973753,0.20897042755340806,1286.730602457627,763.1857744444445,0.8795636709150663
5,"('carat', 'cut', 'depth', 'y', 'z')",0.1982915573390694,1383.5711166223243,836.0286019047619,0.888659088909347,0.2035457750453237,1253.1893594798112,743.3742744444445,0.8857606700260306
5,"('carat', 'cut', 'table', 'x', 'y')",0.2087485192031902,1428.950517694966,880.1168088095237,0.881235627965263,0.19837530624172228,1234.2904771809972,724.4910846825396,0.8891802907400785
5,"('carat', 'cut', 'table', 'x', 'z')",0.21306253119729568,1471.5404049172812,898.3053664285715,0.8740505779232512,0.21176745341490189,1312.3366933419827,773.4008578571429,0.8747225820265208
5,"('carat', 'cut', 'table', 'y', 'z')",0.19804469863155907,1371.019809285162,834.9878065079364,0.8906700231688492,0.19935594674930784,1231.0202771450975,728.0725047619047,0.8897667370243911
5,"('carat', 'cut', 'x', 'y', 'z')",0.20403599730025804,1397.0218290417117,860.2480703174605,0.8864837120690912,0.20430821887176137,1262.0592036972444,746.1588133333333,0.8841378171419126
5,"('carat', 'color', 'clarity', 'depth', 'table')",0.09320676893195952,720.9246731392498,392.97449555555556,0.9697704574721141,0.08471653635108639,578.0433679341764,309.3952391269841,0.9756945819491833
5,"('carat', 'color', 'clarity', 'depth', 'x')",0.09538804414497927,730.0417837839228,402.1710972222222,0.9690010322925312,0.08837180121396654,604.6726448478947,322.7447172222222,0.9734035977157193
5,"('carat', 'color', 'clarity', 'depth', 'y')",0.09040677235793247,704.7906192258121,381.16926666666666,0.9711083711949924,0.08762559664682128,610.3419321766717,320.01948611111106,0.9729025348632342
5,"('carat', 'color', 'clarity', 'depth', 'z')",0.09033253425337649,684.1404144401797,380.85626706349206,0.9727766047066111,0.08866758105102329,600.7709232021003,323.8249416666667,0.9737457231934011
5,"('carat', 'color', 'clarity', 'table', 'x')",0.09890762852175194,769.6770478496582,417.0102222222222,0.9655436818914012,0.08681486295187184,596.7504687226722,317.05858666666666,0.9740959429801471
5,"('carat', 'color', 'clarity', 'table', 'y')",0.09338972287172959,734.7535376050942,393.74585833333333,0.9685996008998599,0.0861371991818458,612.7063032240084,314.58367499999997,0.9726921853711222
5,"('carat', 'color', 'clarity', 'table', 'z')",0.09051213077729398,698.8429618539103,381.6134744444445,0.9715939407943189,0.09221566836287498,651.4038881469686,336.7829941269842,0.969133815860203
5,"('carat', 'color', 'clarity', 'x', 'y')",0.09282773773122847,732.1728950229902,391.37644,0.9688197860318414,0.08811299393260115,632.669352324613,321.7995211111111,0.9708837229172078
5,"('carat', 'color', 'clarity', 'x', 'z')",0.09223692698131593,705.3769672375087,388.88548833333334,0.9710602786254929,0.08970995442225238,606.5842720108401,327.63181777777777,0.9732351668376232
5,"('carat', 'color', 'clarity', 'y', 'z')",0.08898324356625337,696.0684332780583,375.16744388888884,0.9718190470793128,0.08915220812836994,618.3151466336934,325.59485952380953,0.9721899339370527
5,"('carat', 'color', 'depth', 'table', 'x')",0.17184728936360574,1261.376645445951,724.5353811111111,0.907457470097349,0.17140945769447363,1058.8151372074842,626.00848,0.9184502690045271
5,"('carat', 'color', 'depth', 'table', 'y')",0.16277033540369396,1211.2661289798925,686.265506031746,0.9146642631834568,0.1628686424079369,1045.3013399155577,594.8163692063492,0.9205186447062877
5,"('carat', 'color', 'depth', 'table', 'z')",0.16745146022214802,1231.9068355895643,706.0018694444445,0.9117311381855425,0.16594869877175605,1054.4527212997086,606.065114920635,0.9191208694936754
5,"('carat', 'color', 'depth', 'x', 'y')",0.1676638084828408,1251.1586914791226,706.8971633333332,0.9089507042584124,0.1699018122834131,1072.407911715403,620.502373015873,0.916343003458142
5,"('carat', 'color', 'depth', 'x', 'z')",0.1718189580166779,1266.3341234668958,724.4159316666667,0.9067286170521339,0.17322374746380417,1094.8644126356078,632.63449,0.9128027217420422
5,"('carat', 'color', 'depth', 'y', 'z')",0.1660120076963918,1251.810928362242,699.9329096825397,0.9088557503755185,0.16620128360205505,1056.3807860627142,606.987585873016,0.9188248244143323
5,"('carat', 'color', 'table', 'x', 'y')",0.167698434791546,1223.0421009082938,707.0431533333333,0.912996923350689,0.1697454261115419,1112.9157304785044,619.9312314285714,0.9099037299484861
5,"('carat', 'color', 'table', 'x', 'z')",0.17377704279990838,1259.5516414242804,732.671527142857,0.9077250639385893,0.1781417540663559,1140.1902857501043,650.5956566666666,0.9054335855235998
5,"('carat', 'color', 'table', 'y', 'z')",0.16548004701112567,1215.361222522195,697.6900792063492,0.914086275330267,0.16598516924944334,1080.3115357346658,606.1983096031746,0.9151053588436637
5,"('carat', 'color', 'x', 'y', 'z')",0.17286267949298237,1282.1665728947044,728.8164266666668,0.9043817706714007,0.17213080527148875,1116.503192900484,628.6429303174604,0.9093219465911944
5,"('carat', 'clarity', 'depth', 'table', 'x')",0.14827175739894863,1111.7997045473164,625.1372055555556,0.9281039707929793,0.14452563059967247,989.5193813323663,527.8254277777778,0.928775262101422
5,"('carat', 'clarity', 'depth', 'table', 'y')",0.14596536473105784,1077.314392690522,615.4130888888889,0.9324948789374028,0.1401105947194798,941.6397303611063,511.7011722222223,0.9355011756869851
5,"('carat', 'clarity', 'depth', 'table', 'z')",0.14556583169870188,1078.2939677758518,613.7285943650794,0.9323720616824088,0.1482271818433782,1021.1977464357631,541.3439494444444,0.9241419027206013
5,"('carat', 'clarity', 'depth', 'x', 'y')",0.14290954640776854,1064.289707985785,602.529275,0.9341172799368352,0.14416953029759552,982.33824732527,526.5249055555556,0.9298052943831228
5,"('carat', 'clarity', 'depth', 'x', 'z')",0.1481112447679793,1096.1888851577758,624.4604588888889,0.9301087858732067,0.14692971166545124,1017.0893644064348,536.6054283333333,0.924751044557872
5,"('carat', 'clarity', 'depth', 'y', 'z')",0.14267845188188036,1061.069496055467,601.5549438888889,0.9345153583168291,0.14193272558946682,973.6151526522585,518.3558188888888,0.9310464074252244
5,"('carat', 'clarity', 'table', 'x', 'y')",0.1467167754742502,1105.521260659176,618.5811555555556,0.9289136861517543,0.1410970225540028,948.3391637818586,515.3037283333333,0.934580138257587
5,"('carat', 'clarity', 'table', 'x', 'z')",0.1469491581659713,1112.1081324265408,619.5609177777778,0.9280640754494122,0.1461362499623507,1010.439159545943,533.7076083333334,0.9257318531156671
5,"('carat', 'clarity', 'table', 'y', 'z')",0.14149891403245585,1054.2964114129802,596.5818255555556,0.9353487013330921,0.14174602232917166,953.3010575061056,517.6739555555555,0.9338937686220106
5,"('carat', 'clarity', 'x', 'y', 'z')",0.1413200550527501,1066.0069159429352,595.8277277777779,0.9339045077937713,0.142603884772055,983.5348377382005,520.806975,0.9296341812885784
5,"('carat', 'depth', 'table', 'x', 'y')",0.20988917926205866,1444.553862591944,884.9260122222224,0.8786277854079674,0.1988737731261966,1221.8934205431706,726.3115472222222,0.8913952294589292
5,"('carat', 'depth', 'table', 'x', 'z')",0.21363072452080853,1479.1128987618988,900.7009594444445,0.8727509802976463,0.20537858220073496,1262.0781987646976,750.0679122222222,0.8841343294663199
5,"('carat', 'depth', 'table', 'y', 'z')",0.19797697060976388,1378.7283402033154,834.7022544444444,0.8894371558690664,0.2000231113650476,1233.5934765929806,730.5090722222222,0.889305414598582
5,"('carat', 'depth', 'x', 'y', 'z')",0.20711850395290454,1436.3874235274222,873.2444064285714,0.8799962038855343,0.20560081715020576,1253.1569399079308,750.8795416666667,0.8857665806128647
5,"('carat', 'table', 'x', 'y', 'z')",0.20918720135563112,1427.1825886460763,881.9663622222222,0.8815293219634904,0.2041982012899041,1265.0262572423412,745.7570155555555,0.8835924015327123
5,"('cut', 'color', 'clarity', 'depth', 'table')",0.7299884120323559,4193.634852742772,3077.746726626984,-0.022899632289491656,0.8084517899502428,3996.6649387979915,2952.5656459523807,-0.16192402327368538
5,"('cut', 'color', 'clarity', 'depth', 'x')",0.10250850670027131,770.4491665678956,432.19209476190474,0.9654745159662106,0.09252692823574649,624.1210283136761,337.9197535714286,0.971665217681627
5,"('cut', 'color', 'clarity', 'depth', 'y')",0.09319864963958105,701.2445002431061,392.94026333333335,0.971398373378857,0.09139658725167794,621.3887889013948,333.7916088888889,0.9719127592604275
5,"('cut', 'color', 'clarity', 'depth', 'z')",0.09428103796439229,703.7951715200918,397.5037838888889,0.9711899267503832,0.08916162035244814,590.3070652579366,325.6292341269841,0.9746523202060756
5,"('cut', 'color', 'clarity', 'table', 'x')",0.11109982777897466,846.5469020858,468.4144647222222,0.9583174916297768,0.09408268553666346,627.8590105279208,343.6015711111112,0.9713247962568224
5,"('cut', 'color', 'clarity', 'table', 'y')",0.10014734464036178,746.5782445873989,422.23706166666665,0.9675807877894014,0.09211319244725519,620.3815704047455,336.40873944444445,0.9720037395325609
5,"('cut', 'color', 'clarity', 'table', 'z')",0.1040483713028081,780.2498609979696,438.6844077380952,0.9645905487473806,0.10072492776217984,669.8171137118931,367.85985892857144,0.9673641649994212
5,"('cut', 'color', 'clarity', 'x', 'y')",0.097737923082954,741.8047872383632,412.07855888888884,0.9679940251255172,0.09047945000640419,628.2902874295762,330.44211055555553,0.9712853886820241
5,"('cut', 'color', 'clarity', 'x', 'z')",0.09509947325665742,714.0794360723509,400.9544366666667,0.9703417958989147,0.0888235519610966,589.9773050736783,324.39456666666666,0.9746806319826913
5,"('cut', 'color', 'clarity', 'y', 'z')",0.08932248433111502,667.1338425486321,376.59773666666666,0.9741132373981972,0.08831079073939027,606.7025818153359,322.5218994444445,0.9732247252514156
5,"('cut', 'color', 'depth', 'table', 'x')",0.18013817212483457,1294.496838804632,759.4910555555556,0.9025338559314877,0.1737898647088406,1093.2939038280276,634.70202,0.9130526994989421
5,"('cut', 'color', 'depth', 'table', 'y')",0.16887960775244976,1242.3977272812858,712.0231655555556,0.9102213453647566,0.1617823211519874,1023.5579379059175,590.8489900000001,0.923790851158059
5,"('cut', 'color', 'depth', 'table', 'z')",0.1735779906273286,1282.2383007145388,731.8322916666667,0.9043710720943012,0.1606624886666278,1022.3906232001664,586.7592236507936,0.9239645771968059
5,"('cut', 'color', 'depth', 'x', 'y')",0.17046752758355302,1251.903681697042,718.7180869841269,0.9088422431499344,0.166435870031163,1055.7004348505322,607.8443244444445,0.9189293508226939
5,"('cut', 'color', 'depth', 'x', 'z')",0.17207729949375603,1264.9360487399756,725.5051402380952,0.9069344527437948,0.16655311567608613,1071.3721110624472,608.27252,0.9165045280490514
5,"('cut', 'color', 'depth', 'y', 'z')",0.17001957337412876,1271.3808116710065,716.8294411111111,0.9059837116805681,0.16383998288971013,1044.31181410467,598.3638244444444,0.920669054207175
5,"('cut', 'color', 'table', 'x', 'y')",0.17300956157052247,1254.6705847016897,729.4357047619047,0.9084388520536227,0.1654916433045234,1078.312825097901,604.395891984127,0.915419199531824
5,"('cut', 'color', 'table', 'x', 'z')",0.17539894124258723,1265.816956592348,739.5097077777777,0.9068047849746707,0.1706394981923323,1086.4162844004666,623.196492936508,0.9141431831137745
5,"('cut', 'color', 'table', 'y', 'z')",0.16808575071020704,1247.4537939974502,708.6761385714286,0.9094891313421047,0.16430826207341787,1068.7314618236835,600.0740377777778,0.9169156093846892
5,"('cut', 'color', 'x', 'y', 'z')",0.1685116812595232,1262.576776907691,710.4719292063492,0.9072812879278241,0.16700644769511558,1077.5151028512787,609.9281444444446,0.9155442968637633
5,"('cut', 'clarity', 'depth', 'table', 'x')",0.15138500886470502,1110.797048645401,638.2631666666666,0.928233588515602,0.1448287452869883,965.4280608169875,528.9324399999999,0.9322011878133926
5,"('cut', 'clarity', 'depth', 'table', 'y')",0.14748554667657565,1073.53399436709,621.8224166666666,0.932967811433816,0.1400685156975653,934.2525194678067,511.5474944444445,0.9365091991396945
5,"('cut', 'clarity', 'depth', 'table', 'z')",0.14736676107857535,1078.3152857547634,621.3215977777777,0.9323693876338522,0.1443554502996887,975.5911933392252,527.2039083333334,0.9307662281877812
5,"('cut', 'clarity', 'depth', 'x', 'y')",0.14443561048532202,1058.0727043934842,608.9634027777778,0.9348847341248806,0.14017697771555118,944.7584663297644,511.9436111111111,0.9350732245038126
5,"('cut', 'clarity', 'depth', 'x', 'z')",0.14770972837963997,1080.6987363614437,622.7676022222222,0.9320700830171696,0.14427316316139988,988.3738453225933,526.9033855555556,0.928940076002365
5,"('cut', 'clarity', 'depth', 'y', 'z')",0.1433634984417,1049.1648696607774,604.4432086507937,0.9359765199439305,0.13839390746683264,937.8383095905948,505.43161865079367,0.9360208909230073
5,"('cut', 'clarity', 'table', 'x', 'y')",0.1499785280533066,1090.4053925757116,632.3332208730158,0.9308443324635759,0.14377658993504847,961.1675020935911,525.089838888889,0.9327982772130909
5,"('cut', 'clarity', 'table', 'x', 'z')",0.14716825374864032,1099.391608456015,620.4846594444444,0.9296997884429887,0.14361292745681278,973.4408420453052,524.4921233333333,0.931071095345503
5,"('cut', 'clarity', 'table', 'y', 'z')",0.1441362654391142,1065.6712358254247,607.7013166666667,0.9339461275037031,0.13700325046829684,930.2925997886515,500.35276777777784,0.9370462822853908
5,"('cut', 'clarity', 'x', 'y', 'z')",0.14146202842635178,1043.7159043429335,596.42631,0.9366398204499401,0.14002462509632904,971.3826331903541,511.3872005555556,0.9313622688678402
5,"('cut', 'depth', 'table', 'x', 'y')",0.2057031457114301,1417.9516419735683,867.277031984127,0.8830568908333798,0.19842545386838886,1218.4735711764154,724.6742299999999,0.8920023072833907
5,"('cut', 'depth', 'table', 'x', 'z')",0.20950100677486155,1451.6955365782408,883.2894155555556,0.877424724059322,0.2003849842602979,1223.6211098414208,731.8306766666667,0.8910878901287032
5,"('cut', 'depth', 'table', 'y', 'z')",0.19220784679575997,1335.8884985586335,810.378715,0.8962012274056687,0.1971391725500673,1197.8219133436244,719.976571984127,0.8956321450329697
5,"('cut', 'depth', 'x', 'y', 'z')",0.2039603318450116,1395.0693547804012,859.9290527777778,0.8868007905079783,0.2020728539653188,1231.4695766070781,737.9949849999999,0.889686256166327
5,"('cut', 'table', 'x', 'y', 'z')",0.2022846270663723,1381.4278347617128,852.864016111111,0.8890037768234249,0.2003473104382808,1233.4973349298505,731.6930872222223,0.8893226681704093
5,"('color', 'clarity', 'depth', 'table', 'x')",0.10777486745767112,801.6564542942851,454.39590555555554,0.9626209393197797,0.09311539923046289,617.4821792255012,340.0689222222222,0.9722648125015358
5,"('color', 'clarity', 'depth', 'table', 'y')",0.09697916178300808,722.2283702921997,408.8795011111111,0.9696610263372305,0.09170501452579642,614.9585466323672,334.91802333333334,0.9724910551200447
5,"('color', 'clarity', 'depth', 'table', 'z')",0.09721653479964976,720.7865256038996,409.88030333333336,0.9697820418631703,0.08988621739812418,596.5300021881218,328.2755519047619,0.9741150796982057
5,"('color', 'clarity', 'depth', 'x', 'y')",0.0933190107898383,706.670540522011,393.447725,0.9709540376272021,0.08982538924844634,623.1106274873104,328.0534,0.9717568868027555
5,"('color', 'clarity', 'depth', 'x', 'z')",0.09610291688655484,709.523945650438,405.1851138888889,0.9707189996000223,0.09263420046968111,606.2835820435976,338.311525,0.9732616954584964
5,"('color', 'clarity', 'depth', 'y', 'z')",0.092964006859852,688.7269543685962,391.95097222222216,0.9724103648901211,0.09076099794001115,614.5843695757704,331.4703583333333,0.9725245210652916
5,"('color', 'clarity', 'table', 'x', 'y')",0.10191824574372273,769.7796314778449,429.7034611111111,0.9655344965072528,0.08989407471026749,619.4430307997309,328.3042477777778,0.972088383323002
5,"('color', 'clarity', 'table', 'x', 'z')",0.0979207256210729,743.6320548287779,412.84928333333335,0.9678361520247232,0.09168159253475375,607.7915734599077,334.8324833333333,0.9731285192362825
5,"('color', 'clarity', 'table', 'y', 'z')",0.09309908770293125,690.567760464841,392.5204944444444,0.9722626865125188,0.09092882344547815,621.7618643466443,332.08327777777777,0.9718790225542885
5,"('color', 'clarity', 'x', 'y', 'z')",0.09413310366137682,712.9163501709895,396.88006944444436,0.9704383312273674,0.08845188613260294,608.6171529835873,323.0371972222223,0.9730554691573138
5,"('color', 'depth', 'table', 'x', 'y')",0.1677870923833374,1230.9365481659881,707.4169477777778,0.9118701299262671,0.1674899295156716,1056.1188027042429,611.6938796825397,0.9188650824507224
5,"('color', 'depth', 'table', 'x', 'z')",0.17437436408435836,1282.3421255191965,735.1899282539682,0.904355585024974,0.16959660118573333,1060.5939505621695,619.3877044444444,0.9181760311369274
5,"('color', 'depth', 'table', 'y', 'z')",0.1671797708720579,1240.6127946147412,704.8563841269842,0.9104791271305086,0.1639007547555397,1051.3024707560571,598.5857707936508,0.919603411610608
5,"('color', 'depth', 'x', 'y', 'z')",0.17056223563183176,1270.1632205350122,719.1173911111111,0.9061637027314342,0.16744794695862295,1053.3958114259704,611.5405542063492,0.9192829234375122
5,"('color', 'table', 'x', 'y', 'z')",0.16781327946649693,1246.1975123569448,707.5273566666666,0.9096713423180968,0.17019335722810872,1088.4980590665696,621.5671311111112,0.9138138327660127
5,"('clarity', 'depth', 'table', 'x', 'y')",0.14555190909048982,1075.1112678390894,613.6698944444444,0.9327706946903394,0.13980140168078783,949.3661600669368,510.57196111111114,0.9344383697072784
5,"('clarity', 'depth', 'table', 'x', 'z')",0.15056319991145178,1107.5863928011738,634.7982900000001,0.9286478572587343,0.14493293885961622,990.5111647370769,529.3129677777778,0.9286324151497518
5,"('clarity', 'depth', 'table', 'y', 'z')",0.14467151837145056,1064.418428101094,609.9580277777777,0.9341013426519192,0.13971318511514305,952.5334593901073,510.2497833333333,0.9340001832517228
5,"('clarity', 'depth', 'x', 'y', 'z')",0.1420323795292845,1048.3975850719369,598.8310005555556,0.9360701301438269,0.14152447389053127,984.4278010230104,516.8648333333334,0.9295063513142396
5,"('clarity', 'table', 'x', 'y', 'z')",0.14477329085126864,1071.1079429058925,610.3871166666667,0.9332704376860342,0.1394719418931635,949.4421590979388,509.3687333333333,0.934427872556615
5,"('depth', 'table', 'x', 'y', 'z')",0.20694837612175906,1402.0649462715917,872.5271205555556,0.8856626665739655,0.19831032997242698,1215.2336880246303,724.2537833333332,0.8925758687079027
6,"('carat', 'cut', 'color', 'clarity', 'depth', 'table')",0.09142757509163302,714.5894773559196,385.47313261904765,0.9702994131890165,0.08328450959404915,559.1036340030116,304.1653007936508,0.9772612346586337
6,"('carat', 'cut', 'color', 'clarity', 'depth', 'x')",0.09479072457351578,731.1050315980643,399.65270333333336,0.9689106714751218,0.08483429046299093,586.8293479360433,309.82529166666666,0.9749501055522019
6,"('carat', 'cut', 'color', 'clarity', 'depth', 'y')",0.08897913121278783,706.5279934307995,375.1501055555555,0.970965754543686,0.08449532859271214,586.0116504816614,308.58736111111114,0.9750198667669738
6,"('carat', 'cut', 'color', 'clarity', 'depth', 'z')",0.08606242267677855,669.4507936445159,362.8528005555555,0.9739331160751239,0.08508146926226044,587.0650048696397,310.7280191269841,0.9749299826097383
6,"('carat', 'cut', 'color', 'clarity', 'table', 'x')",0.09776156809417735,761.280402187766,412.17825,0.9662913704645046,0.08445632175620209,572.1750640789407,308.4449033333333,0.9761855747967615
6,"('carat', 'cut', 'color', 'clarity', 'table', 'y')",0.09135737707510193,713.5804877643446,385.17716666666666,0.9703832275384205,0.08523690784447768,596.8584393600657,311.29569999999995,0.974086568440151
6,"('carat', 'cut', 'color', 'clarity', 'table', 'z')",0.08794461031863526,691.8861511677247,370.7884016666667,0.972156676572209,0.08674270655857212,611.2875017475376,316.79506261904766,0.9728185085660654
6,"('carat', 'cut', 'color', 'clarity', 'x', 'y')",0.09169349216671048,724.621225514464,386.5942811111111,0.9694596578040323,0.084093763414951,593.5325322130141,307.12079555555556,0.9743745614816904
6,"('carat', 'cut', 'color', 'clarity', 'x', 'z')",0.08983186523803594,690.3432617883094,378.74536722222217,0.9722807179885006,0.08459242979198403,577.3024315479529,308.9419866666667,0.9757568514181838
6,"('carat', 'cut', 'color', 'clarity', 'y', 'z')",0.08736661138991064,682.7555754481112,368.3514666666667,0.972886704511447,0.08482239707737751,591.3855876406476,309.7818555555556,0.9745596124760009
6,"('carat', 'cut', 'color', 'depth', 'table', 'x')",0.17457349759555996,1262.0990963924187,736.0295066666667,0.9073514326424936,0.16813972693510718,1034.029240214677,614.0670200000001,0.9222235906416304
6,"('carat', 'cut', 'color', 'depth', 'table', 'y')",0.16372982769709016,1217.4970840805404,690.3108774603174,0.9137840424489305,0.1604442640174055,1018.4439422548671,585.9622403174603,0.92455047527024
6,"('carat', 'cut', 'color', 'depth', 'table', 'z')",0.1646729295146535,1212.4386508675962,694.2871440476191,0.9144989709399455,0.1642706571610853,1046.3120130484165,599.9367000000001,0.9203648737283607
6,"('carat', 'cut', 'color', 'depth', 'x', 'y')",0.1692772116796689,1244.6100250055006,713.6995266666667,0.9099013287637532,0.16484132183682493,1039.4502876052657,602.0208377777778,0.9214059448506792
6,"('carat', 'cut', 'color', 'depth', 'x', 'z')",0.1693767906144153,1242.6029279386223,714.1193672222222,0.9101916863273498,0.16887861460197734,1072.6077227653022,616.7655288888889,0.9163118266095707
6,"('carat', 'cut', 'color', 'depth', 'y', 'z')",0.1694958856605996,1269.152275874992,714.6214907936508,0.9063130151197047,0.1644775517195324,1052.9766511041655,600.6923044444444,0.9193471474718954
6,"('carat', 'cut', 'color', 'table', 'x', 'y')",0.16880962626870416,1226.6044547568315,711.7281125396826,0.912489357634813,0.1664836662751136,1083.1662966388878,608.0188822222221,0.9146560919260328
6,"('carat', 'cut', 'color', 'table', 'x', 'z')",0.17339377126115055,1253.9209261424346,731.0555936507936,0.9085482338996699,0.17278527138181018,1093.5532299457377,631.0331212698412,0.9130114473161021
6,"('carat', 'cut', 'color', 'table', 'y', 'z')",0.16671768066524867,1226.317927676382,702.9081386507937,0.912530236730244,0.16485070459337484,1073.5571738609437,602.0551047619047,0.9161636028116663
6,"('carat', 'cut', 'color', 'x', 'y', 'z')",0.16798478611999054,1251.858873579753,708.2504558730158,0.9088487684672131,0.16733346180827965,1079.030621364556,611.1224403174602,0.9153065569140599
6,"('carat', 'cut', 'clarity', 'depth', 'table', 'x')",0.14666035101728336,1099.5987763588455,618.3432611111111,0.9296732913886356,0.14211928312023053,973.4053264050501,519.0371500000001,0.9310761249465163
6,"('carat', 'cut', 'clarity', 'depth', 'table', 'y')",0.14467412342858196,1069.8333849759383,609.9690111111112,0.93342915201658,0.14038824598536437,952.212246974245,512.7151888888889,0.9340446885357316
6,"('carat', 'cut', 'clarity', 'depth', 'table', 'z')",0.14466185633709466,1074.9189833395544,609.9172911111111,0.9327947405685595,0.1443391091644578,998.3031330000489,527.1442284920635,0.9275051562877056
6,"('carat', 'cut', 'clarity', 'depth', 'x', 'y')",0.14350384861943175,1066.020557971477,605.0349472222223,0.9339028160930005,0.1411200310869385,953.9513748515838,515.3877583333334,0.9338035459333561
6,"('carat', 'cut', 'clarity', 'depth', 'x', 'z')",0.1455018930477126,1067.9913499656004,613.4590188888889,0.9336581975222266,0.1446788893888517,994.2729652298129,528.3851477777778,0.9280893007875446
6,"('carat', 'cut', 'clarity', 'depth', 'y', 'z')",0.14039127602339413,1040.9036547947135,591.9118483333333,0.9369808032403525,0.1418729553370931,963.4275475193709,518.1375305555556,0.932481875531862
6,"('carat', 'cut', 'clarity', 'table', 'x', 'y')",0.1448312925734789,1081.3882360734365,610.6316611111112,0.931983375041795,0.13929202463954757,934.314599565464,508.7116533333333,0.9365007610654258
6,"('carat', 'cut', 'clarity', 'table', 'x', 'z')",0.14548461362601683,1091.6434460547914,613.3861661111112,0.9306872037090201,0.14377592411233528,991.5452094338402,525.0874072222223,0.928483328908998
6,"('carat', 'cut', 'clarity', 'table', 'y', 'z')",0.14226449091030077,1060.8593818030595,599.8096188888888,0.9345412904433681,0.1396703263337523,949.4907625275,510.0932577777778,0.9344211589051906
6,"('carat', 'cut', 'clarity', 'x', 'y', 'z')",0.14015049179182998,1044.1605113830215,590.896663888889,0.9365858280141667,0.14239396655400768,985.5180275195893,520.0403277777777,0.9293501253311475
6,"('carat', 'cut', 'depth', 'table', 'x', 'y')",0.2065262693159226,1420.2758915440752,870.7474514285714,0.8826731996987656,0.1988938891256867,1222.3350963867133,726.3850133333333,0.8913167008862871
6,"('carat', 'cut', 'depth', 'table', 'x', 'z')",0.20935149428422525,1451.374829405679,882.6590472222221,0.8774788764996015,0.20448701455561166,1251.741499426611,746.8117972222223,0.8860244881202523
6,"('carat', 'cut', 'depth', 'table', 'y', 'z')",0.1951642547158188,1349.228794616448,822.8433988888887,0.8941177896696345,0.19977394489841677,1212.416223636434,729.5990855555556,0.893073407265817
6,"('carat', 'cut', 'depth', 'x', 'y', 'z')",0.20191478479572025,1397.6676504342001,851.3047025396826,0.8863787341926685,0.2038599038732719,1247.6985733048766,744.5215116666667,0.8867595447238782
6,"('carat', 'cut', 'table', 'x', 'y', 'z')",0.20511770701888682,1403.8013647571624,864.8087297619048,0.8853792839796797,0.19929278006006246,1231.4032603767714,727.8418122222222,0.8896981369221394
6,"('carat', 'color', 'clarity', 'depth', 'table', 'x')",0.09727748602104207,750.4897495726694,410.1372833333333,0.9672401936190191,0.08713026455538346,590.0720086381328,318.2104722222222,0.97467250276541
6,"('carat', 'color', 'clarity', 'depth', 'table', 'y')",0.0919173602614808,724.6377131553905,387.5381444444444,0.9694582679912397,0.08663960934749983,605.5341814851333,316.41853888888886,0.9733277546990478
6,"('carat', 'color', 'clarity', 'depth', 'table', 'z')",0.08987047006137293,683.5238961454668,378.9081312698413,0.9728256477349134,0.08738291749131197,601.2967431756498,319.13319190476193,0.9736997453873157
6,"('carat', 'color', 'clarity', 'depth', 'x', 'y')",0.0912665321313439,711.93005293819,384.79415000000006,0.9705200699151916,0.08791900967199902,618.5799816600563,321.0910666666666,0.9721661057746205
6,"('carat', 'color', 'clarity', 'depth', 'x', 'z')",0.09136929419027459,692.8366421216195,385.22741111111117,0.9720801234998167,0.08924063216192954,593.0960014042963,325.917795,0.9744122415721671
6,"('carat', 'color', 'clarity', 'depth', 'y', 'z')",0.08930653827174159,688.0074047470414,376.5305055555556,0.9724679834894767,0.0877947220049463,609.4613127554659,320.6371527777778,0.9729806725038183
6,"('carat', 'color', 'clarity', 'table', 'x', 'y')",0.09445008587991834,746.145392257645,398.2165166666667,0.967618369017293,0.0862028953628498,614.1693491082533,314.82360555555556,0.9725616161707648
6,"('carat', 'color', 'clarity', 'table', 'x', 'z')",0.09531395682088156,736.4452142574264,401.8587333333333,0.9684548435913087,0.08916985126764916,612.2338875228583,325.6592944444444,0.9727342794933095
6,"('carat', 'color', 'clarity', 'table', 'y', 'z')",0.08961533043838618,693.3997203490287,377.83242222222225,0.9720347232943891,0.08800472540935851,606.8166228182271,321.40411111111115,0.9732146584863958
6,"('carat', 'color', 'clarity', 'x', 'y', 'z')",0.09227883862152024,720.1666403441715,389.0621944444444,0.9698339951431812,0.08973380325783083,617.6427757870899,327.71891666666664,0.9722503837289344
6,"('carat', 'color', 'depth', 'table', 'x', 'y')",0.16627514534737345,1231.1952061647587,701.0423396825397,0.9118330883892684,0.16654004169872563,1055.7391134428312,608.2247722222222,0.9189234102055908
6,"('carat', 'color', 'depth', 'table', 'x', 'z')",0.17225199137972497,1258.999101697042,726.2416688888889,0.907806004462438,0.17020630729407812,1065.9967945126932,621.6144263492063,0.917340257643562
6,"('carat', 'color', 'depth', 'table', 'y', 'z')",0.1641255259927345,1218.4354079998486,691.9792041269841,0.9136510981150942,0.16399044056866766,1036.9140220637257,598.9133144444445,0.9217890169540455
6,"('carat', 'color', 'depth', 'x', 'y', 'z')",0.16988326102553866,1264.5609037203826,716.2547266666667,0.9069896458888673,0.1693969749365633,1069.7019521829477,618.6586447619047,0.9167646468402519
6,"('carat', 'color', 'table', 'x', 'y', 'z')",0.16730876180348866,1242.0052110831323,705.4002303174603,0.9102780647368572,0.17164938539558874,1098.0364976482456,626.8847255555556,0.9122967269165286
6,"('carat', 'clarity', 'depth', 'table', 'x', 'y')",0.1433593918107387,1072.1935837551894,604.4258944444443,0.9331350992211869,0.14008933159431453,943.3950893374321,511.62351666666666,0.9352604804086097
6,"('carat', 'clarity', 'depth', 'table', 'x', 'z')",0.14697487773559,1097.972946941182,619.6693555555556,0.9298811030106767,0.14381862788496552,996.2988772516824,525.2433666666666,0.9277959544382056
6,"('carat', 'clarity', 'depth', 'table', 'y', 'z')",0.14302684842770902,1064.2898423190636,603.0238388888889,0.9341172633055698,0.1422204449709773,969.2912450385151,519.4066055555555,0.9316575049634631
6,"('carat', 'clarity', 'depth', 'x', 'y', 'z')",0.14202264713071472,1055.349997475241,598.7899672222222,0.9352194212912531,0.14139675442991914,971.6580298587016,516.398386111111,0.9313233443876838
6,"('carat', 'clarity', 'table', 'x', 'y', 'z')",0.141427579214095,1068.9426589719567,596.2810666666667,0.9335399574964458,0.13962220455619273,954.3761727734335,509.9175111111111,0.9337445777765792
6,"('carat', 'depth', 'table', 'x', 'y', 'z')",0.20717806533989272,1414.9796483896093,873.4955266666666,0.8835465971493572,0.20048089741401576,1231.848780295745,732.1809633333334,0.8896183083746985
6,"('cut', 'color', 'clarity', 'depth', 'table', 'x')",0.10609901984231301,799.5995681848093,447.3302666666667,0.9628125072548781,0.09192731716800363,619.9408154197732,335.7299,0.9720435057300288
6,"('cut', 'color', 'clarity', 'depth', 'table', 'y')",0.09795812512312091,738.5427731556349,413.00696555555555,0.9682748925167749,0.09151366587047839,614.0392471711095,334.21919444444444,0.9725732397035651
6,"('cut', 'color', 'clarity', 'depth', 'table', 'z')",0.09693048845809475,716.8655157029264,408.67428666666666,0.9701099132523694,0.08895150574940595,589.1938765405301,324.86186968253963,0.9747478303144195
6,"('cut', 'color', 'clarity', 'depth', 'x', 'y')",0.09338975647261824,709.8317169724103,393.74600000000004,0.9706935915590401,0.08860911962629958,612.5301455378883,323.6114333333333,0.9727078855194244
6,"('cut', 'color', 'clarity', 'depth', 'x', 'z')",0.09527458053243573,716.5270881426372,401.6927166666667,0.9701381284228633,0.0890321726082635,598.5317105437063,325.156475,0.9739410700277512
6,"('cut', 'color', 'clarity', 'depth', 'y', 'z')",0.09175317709578953,691.1754160846687,386.8459222222222,0.9722138508994739,0.09071575713489048,619.928623808359,331.30513333333334,0.9720446052910023
6,"('cut', 'color', 'clarity', 'table', 'x', 'y')",0.10086801768592657,761.9104033204954,425.2755333333333,0.966235555913386,0.08904578797539696,616.2035463502841,325.2062,0.9723795572071293
6,"('cut', 'color', 'clarity', 'table', 'x', 'z')",0.0971573806328431,739.4621359659554,409.6309,0.9681958583998843,0.0914063416989386,606.4892560658708,333.8272333333333,0.9732435511194336
6,"('cut', 'color', 'clarity', 'table', 'y', 'z')",0.09272577128863362,692.1340051569975,390.9465333333334,0.9721367244027392,0.0899219632049666,615.4232403817717,328.4061,0.9724494651148728
6,"('cut', 'color', 'clarity', 'x', 'y', 'z')",0.092702883153898,705.540382088793,390.8500333333334,0.971046868127874,0.08703974947907017,602.1640038477889,317.8799,0.9736238240530115
6,"('cut', 'color', 'depth', 'table', 'x', 'y')",0.16772002677906117,1230.3927189594558,707.1341885714286,0.9119479844836789,0.16680538118790386,1046.0225642476703,609.1938247619047,0.9204089277069547
6,"('cut', 'color', 'depth', 'table', 'x', 'z')",0.17278911067671532,1274.1064071323074,728.5062488888889,0.9055801739803258,0.16566238209674677,1048.645931051013,605.0194511111112,0.9200092070715088
6,"('cut', 'color', 'depth', 'table', 'y', 'z')",0.16714185852821142,1253.2971658949148,704.6965396825397,0.9086391962352824,0.16214461854480217,1037.9158132097728,592.1721447619046,0.9216378203895613
6,"('cut', 'color', 'depth', 'x', 'y', 'z')",0.16739579232166046,1248.5187495016432,705.7671647619047,0.909334526510271,0.166238445154128,1057.5083894518166,607.1233044444444,0.9186514356956745
6,"('cut', 'color', 'table', 'x', 'y', 'z')",0.16624186138005156,1240.4652003904823,700.9020092063492,0.9105004262463812,0.1652577401700259,1066.6137067171787,603.5416488888889,0.9172445564938511
6,"('cut', 'clarity', 'depth', 'table', 'x', 'y')",0.14569442561257387,1070.0497222761817,614.2707666666666,0.9334022259290939,0.13940401641541253,932.3081916206183,509.12066111111113,0.9367731930241081
6,"('cut', 'clarity', 'depth', 'table', 'x', 'z')",0.148046389518631,1102.5597157305222,624.1870188888888,0.9292940376385174,0.1437064654321337,978.9849689721152,524.8337355555556,0.9302837052372366
6,"('cut', 'clarity', 'depth', 'table', 'y', 'z')",0.14372170558110758,1057.2537944425924,605.9534666666666,0.9349854888342966,0.13811655380994498,947.37399479319,504.41868888888894,0.9347132321828916
6,"('cut', 'clarity', 'depth', 'x', 'y', 'z')",0.14144219098876873,1044.088873183031,596.3426722222222,0.9365945292076051,0.14113288966449045,970.9457543294069,515.4347194444445,0.9314239945557252
6,"('cut', 'clarity', 'table', 'x', 'y', 'z')",0.14222262894670437,1044.644550348994,599.6331222222221,0.9365270208777376,0.13856058773724023,945.445959217248,506.04035555555555,0.9349786967724848
6,"('cut', 'depth', 'table', 'x', 'y', 'z')",0.204851930634589,1391.3039727246135,863.6881744444444,0.8874110297744565,0.1988835937450086,1205.0475918935122,726.3474133333333,0.8943691807384081
6,"('color', 'clarity', 'depth', 'table', 'x', 'y')",0.09820800004216583,737.0411550391249,414.0604777777778,0.9684037694556704,0.09000442512742207,616.9460109956048,328.7072611111111,0.9723129572761038
6,"('color', 'clarity', 'depth', 'table', 'x', 'z')",0.09766224913807131,726.7189555485236,411.7595055555555,0.9692825773561178,0.09120735699871399,601.3530287332768,333.10051666666664,0.9736948213833269
6,"('color', 'clarity', 'depth', 'table', 'y', 'z')",0.09386996192558128,700.2314832788696,395.77062222222224,0.9714809494421489,0.0911345637286802,618.1850178776039,332.83466666666664,0.9722016383519063
6,"('color', 'clarity', 'depth', 'x', 'y', 'z')",0.09352487025774517,709.1833206546326,394.3156611111111,0.9707471070278314,0.08912929495200814,601.6585266802092,325.5111777777778,0.9736680876048736
6,"('color', 'clarity', 'table', 'x', 'y', 'z')",0.0939030001640514,710.9670535577659,395.9099166666667,0.9705997686267468,0.08847452973323584,605.2872479159363,323.1198944444444,0.9733495038587444
6,"('color', 'depth', 'table', 'x', 'y', 'z')",0.16538038643657305,1235.204421976601,697.2698944444444,0.9112579469269989,0.1670274869018358,1044.1302714727988,610.0049822222222,0.9206966335118997
6,"('clarity', 'depth', 'table', 'x', 'y', 'z')",0.14410277260038595,1060.392016662103,607.5601055555555,0.934598953844556,0.13815846398031464,950.6472530819414,504.57175,0.9342613100660405
7,"('carat', 'cut', 'color', 'clarity', 'depth', 'table', 'x')",0.09636353789686108,737.0009371210687,406.2839333333334,0.9684072175668983,0.0855829257317889,581.4829215720785,312.5594,0.9754044704549754
7,"('carat', 'cut', 'color', 'clarity', 'depth', 'table', 'y')",0.09153263931027257,726.9826736298467,385.9161,0.9692602793011837,0.08560753242177838,594.6142441572239,312.6492666666667,0.9742810717380261
7,"('carat', 'cut', 'color', 'clarity', 'depth', 'table', 'z')",0.08765987533411472,681.6170886297649,369.58791388888886,0.972977051319309,0.08526160130721086,591.1357535456389,311.3858835714286,0.9745811027990291
7,"('carat', 'cut', 'color', 'clarity', 'depth', 'x', 'y')",0.09129365397804873,714.6445450100816,384.90849999999995,0.9702948354427334,0.0871140806672283,605.9130364108918,318.15136666666666,0.9732943690606747
7,"('carat', 'cut', 'color', 'clarity', 'depth', 'x', 'z')",0.09166362940986957,696.4224891008151,386.468375,0.9717903712550388,0.08596354358240914,580.3268901664591,313.94946333333337,0.9755021687359487
7,"('carat', 'cut', 'color', 'clarity', 'depth', 'y', 'z')",0.08813728005418309,685.159088574501,371.6007277777778,0.9726954739500355,0.08655831417400715,601.6309418503973,316.12163888888887,0.9736705020796586
7,"('carat', 'cut', 'color', 'clarity', 'table', 'x', 'y')",0.09478113369398286,746.0582232864492,399.61226666666664,0.9676259345899207,0.0840914828542665,593.7766120441817,307.11246666666665,0.9743534811249259
7,"('carat', 'cut', 'color', 'clarity', 'table', 'x', 'z')",0.09311872775176455,719.554163965901,392.60330000000005,0.9698852835750188,0.08749760185170817,595.3713768010687,319.55203333333327,0.9742155333229318
7,"('carat', 'cut', 'color', 'clarity', 'table', 'y', 'z')",0.08911577877965525,691.2324907569088,375.7262333333333,0.972209261758153,0.08714200962545077,607.014460962834,318.2533666666667,0.9731971901906985
7,"('carat', 'cut', 'color', 'clarity', 'x', 'y', 'z')",0.09139764279883543,713.7297515866912,385.3469333333333,0.9703708360140103,0.08515427098573708,596.4156325902266,310.99390000000005,0.9741250043092728
7,"('carat', 'cut', 'color', 'depth', 'table', 'x', 'y')",0.1671785724591869,1228.8504226023788,704.8513314285715,0.9121685924028093,0.16403251328852966,1028.556801238822,599.0669692063493,0.9230446513157816
7,"('carat', 'cut', 'color', 'depth', 'table', 'x', 'z')",0.1727830535565223,1260.0784772697764,728.4807111111111,0.907647855653902,0.1675759453176554,1048.781051703771,612.0080200000001,0.919988591715686
7,"('carat', 'cut', 'color', 'depth', 'table', 'y', 'z')",0.1640799948873942,1216.012038859164,691.7872377777778,0.9139942384521502,0.16165615923278728,1024.2854363792676,590.3882311111113,0.9236824806589888
7,"('carat', 'cut', 'color', 'depth', 'x', 'y', 'z')",0.16726972705819326,1246.807603940526,705.2356536507937,0.9095828776199228,0.1660696910520894,1057.3396768053194,606.5069936507937,0.918677389980138
7,"('carat', 'cut', 'color', 'table', 'x', 'y', 'z')",0.16594697516235488,1228.4842736651458,699.6587222222222,0.9122209251926157,0.16697679614689903,1069.3967235274897,609.8198533333333,0.9168121407991687
7,"('carat', 'cut', 'clarity', 'depth', 'table', 'x', 'y')",0.14407449382896617,1072.2582394566807,607.4408777777777,0.9331270347681259,0.14064380508021057,949.4450323514532,513.6485222222223,0.9344274756801357
7,"('carat', 'cut', 'clarity', 'depth', 'table', 'x', 'z')",0.14645271992605172,1081.7687447717792,617.4678555555556,0.9319355005228542,0.14237159296372798,978.5582179539276,519.9586166666668,0.9303444722892411
7,"('carat', 'cut', 'clarity', 'depth', 'table', 'y', 'z')",0.14231976186852563,1054.1471780968252,600.04265,0.9353670025333122,0.13899368130137993,943.9731218292378,507.6220666666666,0.9351811223313303
7,"('carat', 'cut', 'clarity', 'depth', 'x', 'y', 'z')",0.14072570935758397,1049.1661438408855,593.3218722222223,0.9359763644345409,0.14110245911739017,971.2302408462185,515.3235833333333,0.9313838032126067
7,"('carat', 'cut', 'clarity', 'table', 'x', 'y', 'z')",0.14124193496317408,1058.8494679407752,595.4983611111111,0.9347890928129932,0.1402426898689986,964.209907294818,512.1836000000001,0.9323721736394632
7,"('carat', 'cut', 'depth', 'table', 'x', 'y', 'z')",0.20448205705957964,1393.5390142995134,862.1287288888889,0.8870490051458465,0.20008582374150077,1216.035779873106,730.7381055555555,0.8924340154061905
7,"('carat', 'color', 'clarity', 'depth', 'table', 'x', 'y')",0.09487664059633014,738.5469211660125,400.01493888888893,0.9682745361489397,0.08844363750646124,618.9653637231605,323.00707222222223,0.9721314133328368
7,"('carat', 'color', 'clarity', 'depth', 'table', 'x', 'z')",0.09210759136312216,702.0310432684001,388.34018888888886,0.9713341760087643,0.08829976686317335,585.2870949703516,322.4816388888889,0.9750816003653429
7,"('carat', 'color', 'clarity', 'depth', 'table', 'y', 'z')",0.09138416291292033,703.6346781015253,385.2901,0.9712030649477548,0.08994470340085264,621.6214652931507,328.48915,0.9718917210264186
7,"('carat', 'color', 'clarity', 'depth', 'x', 'y', 'z')",0.09087496582262551,708.825706793886,383.1432444444444,0.9707766018060892,0.08988959694984136,619.2610818029793,328.2878944444444,0.9721047778727736
7,"('carat', 'color', 'clarity', 'table', 'x', 'y', 'z')",0.09292551210060239,720.6764873436753,391.78867222222226,0.9697912675565168,0.08720267752914514,601.9769228437619,318.4749333333333,0.9736402106683584
7,"('carat', 'color', 'depth', 'table', 'x', 'y', 'z')",0.16687710170970171,1244.4173465406825,703.5802830158731,0.9099292230110243,0.1670728273445798,1050.1482030263496,610.1705711111113,0.9197798560614406
7,"('carat', 'clarity', 'depth', 'table', 'x', 'y', 'z')",0.1432642182819141,1066.4202872746314,604.0246277777778,0.9338532374340376,0.13858734386175953,944.4317262638339,506.1380722222221,0.9351181259495314
7,"('cut', 'color', 'clarity', 'depth', 'table', 'x', 'y')",0.09787135603303956,738.5683475887658,412.64113333333336,0.9682726953097417,0.0896829789428433,611.5677351217934,327.5333,0.9727935811562529
7,"('cut', 'color', 'clarity', 'depth', 'table', 'x', 'z')",0.0976710314879857,729.9603062815586,411.7965333333333,0.9690079512869705,0.08997102142406656,604.1447969496496,328.5852666666667,0.9734500120113537
7,"('cut', 'color', 'clarity', 'depth', 'table', 'y', 'z')",0.09295324535171237,695.1703009546173,391.90560000000005,0.9718917235424578,0.0906383318562626,618.6257591064245,331.02236666666664,0.9721619859783626
7,"('cut', 'color', 'clarity', 'depth', 'x', 'y', 'z')",0.09315401263788717,709.3834346350828,392.7520666666667,0.9707305958138858,0.08730840597752723,602.1044988239169,318.8610666666667,0.9736290367107616
7,"('cut', 'color', 'clarity', 'table', 'x', 'y', 'z')",0.0961666762198605,726.8047288398722,405.4539333333333,0.9692753258872846,0.08778729633993741,597.9238339560204,320.6100333333334,0.9739939747249791
7,"('cut', 'color', 'depth', 'table', 'x', 'y', 'z')",0.16632132595695,1235.9857174798146,701.2370444444445,0.9111456486006857,0.1655936220968563,1048.899562271482,604.7683311111111,0.9199705083738099
7,"('cut', 'clarity', 'depth', 'table', 'x', 'y', 'z')",0.14167796381250178,1052.3567989766887,597.3367277777778,0.9355863633651299,0.13970898664429918,954.0494424212588,510.2344500000001,0.9337899350529236
7,"('color', 'clarity', 'depth', 'table', 'x', 'y', 'z')",0.09537208372287305,719.2184889573234,402.10380555555554,0.9699133743020596,0.08946600775013379,609.0968291416611,326.74089444444445,0.9730129802389665
8,"('carat', 'cut', 'color', 'clarity', 'depth', 'table', 'x', 'y')",0.09342034514042206,730.8083045090096,393.87496666666664,0.9689359022518546,0.08791231949998037,609.6511959970773,321.0666333333333,0.9729638336442761
8,"('carat', 'cut', 'color', 'clarity', 'depth', 'table', 'x', 'z')",0.09326246840034075,712.1831262336956,393.2093333333333,0.9704991074370598,0.08877825411153512,596.1008701419585,324.2291333333333,0.9741523085159226
8,"('carat', 'cut', 'color', 'clarity', 'depth', 'table', 'y', 'z')",0.0904898811912108,698.5880097873614,381.5196666666667,0.9716146632250927,0.08724952698749677,609.3951812373753,318.6460333333333,0.9729865358200451
8,"('carat', 'cut', 'color', 'clarity', 'depth', 'x', 'y', 'z')",0.0900112859455389,698.5302354777971,379.50183333333337,0.9716193580535124,0.0866072796008167,599.2714518491042,316.30046666666664,0.9738766163691326
8,"('carat', 'cut', 'color', 'clarity', 'table', 'x', 'y', 'z')",0.09329898663672893,722.9975998268136,393.36330000000004,0.9695963651753262,0.08644055467276114,601.713008975209,315.6915666666667,0.9736633184944546
8,"('carat', 'cut', 'color', 'depth', 'table', 'x', 'y', 'z')",0.1663895370032845,1239.6251727896695,701.524633015873,0.9106216011991245,0.16566775918179716,1045.1527872718862,605.039088888889,0.9205412340324753
8,"('carat', 'cut', 'clarity', 'depth', 'table', 'x', 'y', 'z')",0.14104067222860198,1045.8754956416055,594.6498055555555,0.9363773473879736,0.14117041045528766,959.2025826570446,515.5717500000001,0.9330727579875093
8,"('carat', 'color', 'clarity', 'depth', 'table', 'x', 'y', 'z')",0.09215812841732567,712.4423808861213,388.5532611111111,0.970477625221451,0.08849348369943696,604.7645120511173,323.18911666666673,0.973395515581622
8,"('cut', 'color', 'clarity', 'depth', 'table', 'x', 'y', 'z')",0.09491300729929894,714.7250659118279,400.1682666666667,0.9702881411458176,0.08854520247125644,599.3264529297312,323.378,0.9738718209454219
9,"('carat', 'cut', 'color', 'clarity', 'depth', 'table', 'x', 'y', 'z')",0.09365091048525613,720.4036887023831,394.8470666666667,0.969814133132377,0.08729529031969531,602.1227717340266,318.8131666666667,0.9736274360532189
